transaction_id,txn_date,year,year_month,customer_code,region,qty,unit_price,item_supply_amount,supply_amount,tax,total_amount,is_modified,invoice_type,issue_type,receipt_type
T0001,2024-01-02,2024,2024-01,C04,부산광역시 수영구,,,1000000,1000000,100000,1100000,N,세금계산서,ASP발급,청구
T0002,2024-01-03,2024,2024-01,C28,경상남도 창녕군,,,100000,120000,12000,132000,N,세금계산서,인터넷발급,청구
T0003,2024-01-03,2024,2024-01,C28,경상남도 창녕군,,,200000,320000,32000,352000,N,세금계산서,인터넷발급,청구
T0004,2024-01-03,2024,2024-01,C18,대구광역시 달서구,,,200000,320000,32000,352000,N,세금계산서,인터넷발급,청구
T0005,2024-01-03,2024,2024-01,C39,경상남도 창원시,,,1000000,1000000,100000,1100000,N,세금계산서,ASP발급,청구
T0006,2024-01-09,2024,2024-01,C28,경상남도 창녕군,,,200000,320000,32000,352000,N,세금계산서,인터넷발급,청구
T0007,2024-01-10,2024,2024-01,C28,경상남도 창녕군,,,200000,360000,36000,396000,N,세금계산서,인터넷발급,청구
T0008,2024-01-11,2024,2024-01,C28,경상남도 창녕군,,,200000,320000,32000,352000,N,세금계산서,인터넷발급,청구
T0009,2024-01-12,2024,2024-01,C28,경상남도 창녕군,,,100000,180000,18000,198000,N,세금계산서,인터넷발급,청구
T0010,2024-01-15,2024,2024-01,C53,경기도 안산시,,,200000,360000,36000,396000,N,세금계산서,인터넷발급,청구
T0011,2024-01-15,2024,2024-01,C53,경기도 안산시,,,-200000,-360000,-36000,-396000,Y,수정세금계산서,인터넷발급,청구
T0012,2024-01-17,2024,2024-01,C18,대구광역시 달서구,,,200000,400000,40000,440000,N,세금계산서,인터넷발급,청구
T0013,2024-01-18,2024,2024-01,C53,경기도 안산시,,,200000,320000,32000,352000,N,세금계산서,인터넷발급,청구
T0014,2024-01-18,2024,2024-01,C53,경기도 안산시,,,-200000,-320000,-32000,-352000,Y,수정세금계산서,인터넷발급,청구
T0015,2024-01-22,2024,2024-01,C53,경기도 안산시,,,200000,320000,32000,352000,N,세금계산서,인터넷발급,청구
T0016,2024-01-22,2024,2024-01,C53,경기도 안산시,,,-200000,-320000,-32000,-352000,Y,수정세금계산서,인터넷발급,청구
T0017,2024-01-24,2024,2024-01,C28,경상남도 창녕군,,,200000,320000,32000,352000,N,세금계산서,인터넷발급,청구
T0018,2024-01-25,2024,2024-01,C28,경상남도 창녕군,,,100000,120000,12000,132000,N,세금계산서,인터넷발급,청구
T0019,2024-01-31,2024,2024-01,C28,경상남도 창녕군,,,100000,180000,18000,198000,N,세금계산서,인터넷발급,청구
T0020,2024-01-31,2024,2024-01,C20,인천광역시 중구,,,25240000,25240000,2524000,27764000,N,세금계산서,ASP발급,청구
T0021,2024-01-31,2024,2024-01,C05,경기도 평택시,780920,447,349071240,349071240,34907124,383978364,N,세금계산서,ASP발급,청구
T0022,2024-01-31,2024,2024-01,C06,충청남도 천안시,1021180,437,446255660,446255660,44625566,490881226,N,세금계산서,ASP발급,청구
T0023,2024-01-31,2024,2024-01,C06,충청남도 천안시,-1021180,437,-446255660,-446255660,-44625566,-490881226,Y,수정세금계산서,ASP발급,청구
T0024,2024-01-31,2024,2024-01,C06,충청남도 천안시,1000000,437,437000000,446425100,44642510,491067610,Y,수정세금계산서,ASP발급,청구
T0025,2024-01-31,2024,2024-01,C02,경상남도 김해시,337250,419,141307750,733835090,73383509,807218599,N,세금계산서,ASP발급,청구
T0026,2024-01-31,2024,2024-01,C21,서울특별시 은평구,114650,465,53312250,53312250,5331225,58643475,N,세금계산서,ASP발급,청구
T0027,2024-01-31,2024,2024-01,C20,인천광역시 중구,,,-25240000,-25240000,-2524000,-27764000,Y,수정세금계산서,ASP발급,청구
T0028,2024-01-31,2024,2024-01,C20,인천광역시 중구,,,25240000,25240000,2524000,27764000,Y,수정세금계산서,ASP발급,청구
T0029,2024-01-31,2024,2024-01,C21,서울특별시 은평구,-114650,465,-53312250,-53312250,-5331225,-58643475,Y,수정세금계산서,ASP발급,청구
T0030,2024-01-31,2024,2024-01,C21,서울특별시 은평구,114650,456,52280400,52280400,5228040,57508440,Y,수정세금계산서,ASP발급,청구
T0031,2024-01-31,2024,2024-01,C20,인천광역시 중구,,,-25240000,-25240000,-2524000,-27764000,Y,수정세금계산서,ASP발급,청구
T0032,2024-01-31,2024,2024-01,C20,인천광역시 중구,,,35710000,35710000,3571000,39281000,N,세금계산서,ASP발급,청구
T0033,2024-01-31,2024,2024-01,C03,서울특별시 송파구,1368699,17,23267883,23267883,2326788,25594671,N,세금계산서,ASP발급,청구
T0034,2024-01-31,2024,2024-01,C03,서울특별시 송파구,,,408348,451065,45105,496170,N,세금계산서,ASP발급,청구
T0035,2024-01-31,2024,2024-01,C19,경기도 시흥시,291460,443,129116780,129116780,12911678,142028458,N,세금계산서,ASP발급,청구
T0036,2024-01-31,2024,2024-01,C36,경기도 용인시,26050,435,11331750,11331750,1133175,12464925,N,세금계산서,ASP발급,청구
T0037,2024-01-31,2024,2024-01,C07,경상남도 창원시,,,200000,320000,32000,352000,N,세금계산서,ASP발급,청구
T0038,2024-01-31,2024,2024-01,C01,경상북도 안동시,149020,430,64078600,108217200,10821720,119038920,N,세금계산서,ASP발급,청구
T0039,2024-01-31,2024,2024-01,C52,경기도 군포시,,,110000,110000,11000,121000,N,세금계산서,ASP발급,청구
T0040,2024-01-31,2024,2024-01,C30,부산광역시 중구,46790,30,1403700,1486780,148678,1635458,N,세금계산서,ASP발급,청구
T0041,2024-01-31,2024,2024-01,C04,부산광역시 수영구,20976521,9,184593385,184593385,18459338,203052723,N,세금계산서,ASP발급,청구
T0042,2024-01-31,2024,2024-01,C04,부산광역시 수영구,3000000,399,1197000000,1197000000,119700000,1316700000,N,세금계산서,ASP발급,청구
T0043,2024-02-01,2024,2024-02,C39,경상남도 창원시,,,1000000,1000000,100000,1100000,N,세금계산서,ASP발급,영수
T0044,2024-02-13,2024,2024-02,C28,경상남도 창녕군,,,200000,300000,30000,330000,N,세금계산서,인터넷발급,청구
T0045,2024-02-15,2024,2024-02,C04,부산광역시 수영구,,,1000000,1000000,100000,1100000,N,세금계산서,ASP발급,청구
T0046,2024-02-16,2024,2024-02,C11,서울특별시 중구,200000,475,95000000,95000000,9500000,104500000,N,세금계산서,ASP발급,청구
T0047,2024-02-20,2024,2024-02,C28,경상남도 창녕군,,,100000,140000,14000,154000,N,세금계산서,인터넷발급,청구
T0048,2024-02-22,2024,2024-02,C21,서울특별시 은평구,88390,456,40305840,40305840,4030584,44336424,N,세금계산서,ASP발급,청구
T0049,2024-02-23,2024,2024-02,C18,대구광역시 달서구,,,100000,180000,18000,198000,N,세금계산서,인터넷발급,청구
T0050,2024-02-26,2024,2024-02,C18,대구광역시 달서구,,,100000,140000,14000,154000,N,세금계산서,인터넷발급,청구
T0051,2024-02-27,2024,2024-02,C07,경상남도 창원시,,,200000,320000,32000,352000,N,세금계산서,ASP발급,청구
T0052,2024-02-27,2024,2024-02,C07,경상남도 창원시,,,100000,180000,18000,198000,N,세금계산서,ASP발급,청구
T0053,2024-02-27,2024,2024-02,C07,경상남도 창원시,,,200000,400000,40000,440000,N,세금계산서,ASP발급,청구
T0054,2024-02-28,2024,2024-02,C15,경기도 용인시,26880,408,10967040,10967040,1096704,12063744,N,세금계산서,ASP발급,청구
T0055,2024-02-29,2024,2024-02,C26,경기도 성남시,29770,408,12146160,12146160,1214616,13360776,N,세금계산서,ASP발급,청구
T0056,2024-02-29,2024,2024-02,C06,충청남도 천안시,978490,445,435428050,435428050,43542805,478970855,N,세금계산서,ASP발급,청구
T0057,2024-02-29,2024,2024-02,C05,경기도 평택시,644230,447,287970810,287970810,28797081,316767891,N,세금계산서,ASP발급,청구
T0058,2024-02-29,2024,2024-02,C19,경기도 시흥시,247830,443,109788690,109788690,10978869,120767559,N,세금계산서,ASP발급,청구
T0059,2024-02-29,2024,2024-02,C01,경상북도 안동시,1097270,430,471826100,493220190,49322019,542542209,N,세금계산서,ASP발급,청구
T0060,2024-02-29,2024,2024-02,C06,충청남도 천안시,-978490,445,-435428050,-435428050,-43542805,-478970855,Y,수정세금계산서,ASP발급,청구
T0061,2024-02-29,2024,2024-02,C06,충청남도 천안시,978490,445,435428050,435428050,43542805,478970855,Y,수정세금계산서,ASP발급,청구
T0062,2024-02-29,2024,2024-02,C20,인천광역시 중구,,,34620000,34620000,3462000,38082000,N,세금계산서,ASP발급,청구
T0063,2024-02-29,2024,2024-02,C01,경상북도 안동시,-1097270,430,-471826100,-493220190,-49322019,-542542209,Y,수정세금계산서,ASP발급,청구
T0064,2024-02-29,2024,2024-02,C01,경상북도 안동시,1097270,430,471826100,492949960,49294996,542244956,Y,수정세금계산서,ASP발급,청구
T0065,2024-02-29,2024,2024-02,C19,경기도 시흥시,-247830,443,-109788690,-109788690,-10978869,-120767559,Y,수정세금계산서,ASP발급,청구
T0066,2024-02-29,2024,2024-02,C19,경기도 시흥시,236560,443,104796080,104796080,10479608,115275688,Y,수정세금계산서,ASP발급,청구
T0067,2024-02-29,2024,2024-02,C02,경상남도 김해시,1589430,449,713654070,713654070,71365407,785019477,N,세금계산서,ASP발급,청구
T0068,2024-02-29,2024,2024-02,C03,서울특별시 송파구,49940,408,20375520,20375520,2037552,22413072,N,세금계산서,ASP발급,청구
T0069,2024-02-29,2024,2024-02,C46,경기도 고양시,24920,13,323960,323960,32396,356356,N,세금계산서,ASP발급,청구
T0070,2024-02-29,2024,2024-02,C08,경기도 용인시,181030,408,73860240,79329630,7932963,87262593,N,세금계산서,ASP발급,청구
T0071,2024-02-29,2024,2024-02,C04,부산광역시 수영구,10069308,9,88609910,88609910,8860991,97470901,N,세금계산서,ASP발급,청구
T0072,2024-02-29,2024,2024-02,C30,부산광역시 중구,116203,30,3486090,7005090,700509,7705599,N,세금계산서,ASP발급,청구
T0073,2024-02-29,2024,2024-02,C01,경상북도 안동시,61840,,25437120,25437120,2543712,27980832,N,세금계산서,ASP발급,청구
T0074,2024-02-29,2024,2024-02,C03,서울특별시 송파구,23079,22,507738,507738,50773,558511,N,세금계산서,ASP발급,청구
T0075,2024-02-29,2024,2024-02,C03,서울특별시 송파구,1037823,17,17642991,17642991,1764299,19407290,N,세금계산서,ASP발급,청구
T0076,2024-02-29,2024,2024-02,C03,서울특별시 송파구,5550,11,61050,61050,6105,67155,N,세금계산서,ASP발급,청구
T0077,2024-02-29,2024,2024-02,C03,서울특별시 송파구,,,101234,101234,10123,111357,N,세금계산서,ASP발급,청구
T0078,2024-02-29,2024,2024-02,C08,경기도 용인시,57,20000,1140000,1140000,114000,1254000,N,세금계산서,ASP발급,청구
T0079,2024-03-04,2024,2024-03,C18,대구광역시 달서구,,,100000,140000,14000,154000,N,세금계산서,인터넷발급,청구
T0080,2024-03-04,2024,2024-03,C28,경상남도 창녕군,,,100000,180000,18000,198000,N,세금계산서,인터넷발급,청구
T0081,2024-03-04,2024,2024-03,C30,부산광역시 중구,300000,425,127500000,127500000,12750000,140250000,N,세금계산서,ASP발급,청구
T0082,2024-03-05,2024,2024-03,C18,대구광역시 달서구,,,100000,180000,18000,198000,N,세금계산서,인터넷발급,청구
T0083,2024-03-05,2024,2024-03,C31,서울특별시 송파구,11720,423,4957560,4957560,495756,5453316,N,세금계산서,ASP발급,청구
T0084,2024-03-11,2024,2024-03,C39,경상남도 창원시,,,1000000,1000000,100000,1100000,N,세금계산서,ASP발급,청구
T0085,2024-03-14,2024,2024-03,C28,경상남도 창녕군,,,200000,320000,32000,352000,N,세금계산서,인터넷발급,청구
T0086,2024-03-15,2024,2024-03,C28,경상남도 창녕군,,,100000,200000,20000,220000,N,세금계산서,인터넷발급,청구
T0087,2024-03-18,2024,2024-03,C11,서울특별시 중구,200000,455,91000000,91000000,9100000,100100000,N,세금계산서,ASP발급,청구
T0088,2024-03-18,2024,2024-03,C04,부산광역시 수영구,,,1000000,1000000,100000,1100000,N,세금계산서,ASP발급,청구
T0089,2024-03-19,2024,2024-03,C09,전라북도 전주시,1000,383000,383000000,383000000,38300000,421300000,N,세금계산서,ASP발급,청구
T0090,2024-03-19,2024,2024-03,C07,경상남도 창원시,1000,383000,383000000,383000000,38300000,421300000,N,세금계산서,ASP발급,청구
T0091,2024-03-20,2024,2024-03,C15,경기도 용인시,35420,423,14982660,14982660,1498266,16480926,N,세금계산서,ASP발급,청구
T0092,2024-03-22,2024,2024-03,C28,경상남도 창녕군,,,200000,320000,32000,352000,N,세금계산서,인터넷발급,청구
T0093,2024-03-22,2024,2024-03,C28,경상남도 창녕군,,,100000,120000,12000,132000,N,세금계산서,인터넷발급,청구
T0094,2024-03-22,2024,2024-03,C28,경상남도 창녕군,,,-200000,-320000,-32000,-352000,Y,수정세금계산서,인터넷발급,청구
T0095,2024-03-22,2024,2024-03,C28,경상남도 창녕군,,,200000,320000,32000,352000,Y,수정세금계산서,인터넷발급,청구
T0096,2024-03-28,2024,2024-03,C28,경상남도 창녕군,,,100000,140000,14000,154000,N,세금계산서,인터넷발급,청구
T0097,2024-03-29,2024,2024-03,C05,경기도 평택시,551160,447,246368520,246368520,24636852,271005372,N,세금계산서,ASP발급,청구
T0098,2024-03-31,2024,2024-03,C19,경기도 시흥시,211560,447,94567320,94567320,9456732,104024052,N,세금계산서,ASP발급,청구
T0099,2024-03-31,2024,2024-03,C02,경상남도 김해시,1551790,449,696753710,696753710,69675371,766429081,N,세금계산서,ASP발급,청구
T0100,2024-03-31,2024,2024-03,C21,서울특별시 은평구,117630,456,53639280,53639280,5363928,59003208,N,세금계산서,ASP발급,청구
T0101,2024-03-31,2024,2024-03,C36,경기도 용인시,26760,430,11506800,11506800,1150680,12657480,N,세금계산서,ASP발급,청구
T0102,2024-03-31,2024,2024-03,C01,경상북도 안동시,1065800,430,458294000,469877600,46987760,516865360,N,세금계산서,ASP발급,청구
T0103,2024-03-31,2024,2024-03,C46,경기도 고양시,26290,17,446930,446930,44693,491623,N,세금계산서,ASP발급,청구
T0104,2024-03-31,2024,2024-03,C01,경상북도 안동시,27010,408,11020080,15563100,1556310,17119410,N,세금계산서,ASP발급,청구
T0105,2024-03-31,2024,2024-03,C08,경기도 용인시,343550,408,140168400,162270150,16227015,178497165,N,세금계산서,ASP발급,청구
T0106,2024-03-31,2024,2024-03,C15,경기도 용인시,26730,408,10905840,27225180,2722518,29947698,N,세금계산서,ASP발급,청구
T0107,2024-03-31,2024,2024-03,C31,서울특별시 송파구,24900,423,10532700,10532700,1053270,11585970,N,세금계산서,ASP발급,청구
T0108,2024-03-31,2024,2024-03,C30,부산광역시 중구,,,7475770,7475770,747577,8223347,N,세금계산서,ASP발급,청구
T0109,2024-03-31,2024,2024-03,C31,서울특별시 송파구,-24900,423,-10532700,-10532700,-1053270,-11585970,Y,수정세금계산서,ASP발급,청구
T0110,2024-03-31,2024,2024-03,C31,서울특별시 송파구,13180,423,5575140,5575140,557514,6132654,Y,수정세금계산서,ASP발급,청구
T0111,2024-03-31,2024,2024-03,C17,서울특별시 송파구,50510,423,21365730,21365730,2136573,23502303,N,세금계산서,ASP발급,청구
T0112,2024-03-31,2024,2024-03,C20,인천광역시 중구,,,33687500,33687500,3368750,37056250,N,세금계산서,ASP발급,청구
T0113,2024-03-31,2024,2024-03,C03,서울특별시 송파구,154720,408,63125760,74276040,7427604,81703644,N,세금계산서,ASP발급,청구
T0114,2024-03-31,2024,2024-03,C03,서울특별시 송파구,124280,25,3107000,3481100,348110,3829210,N,세금계산서,ASP발급,청구
T0115,2024-03-31,2024,2024-03,C03,서울특별시 송파구,1009395,430,434039850,434039850,43403985,477443835,N,세금계산서,ASP발급,청구
T0116,2024-03-31,2024,2024-03,C03,서울특별시 송파구,495138,13,6436794,6436794,643679,7080473,N,세금계산서,ASP발급,청구
T0117,2024-03-31,2024,2024-03,C03,서울특별시 송파구,20040,11,220440,1989120,198912,2188032,N,세금계산서,ASP발급,청구
T0118,2024-03-31,2024,2024-03,C03,서울특별시 송파구,,,27583,98712,9870,108582,N,세금계산서,ASP발급,청구
T0119,2024-03-31,2024,2024-03,C04,부산광역시 수영구,10432903,9,91809546,91809546,9180954,100990500,N,세금계산서,ASP발급,청구
T0120,2024-03-31,2024,2024-03,C26,경기도 성남시,54500,408,22236000,22236000,2223600,24459600,N,세금계산서,ASP발급,청구
T0121,2024-04-01,2024,2024-04,C28,경상남도 창녕군,,,100000,120000,12000,132000,N,세금계산서,인터넷발급,청구
T0122,2024-04-01,2024,2024-04,C39,경상남도 창원시,,,1000000,1000000,100000,1100000,N,세금계산서,ASP발급,청구
T0123,2024-04-08,2024,2024-04,C28,경상남도 창녕군,,,100000,160000,16000,176000,N,세금계산서,인터넷발급,청구
T0124,2024-04-08,2024,2024-04,C28,경상남도 창녕군,,,100000,180000,18000,198000,N,세금계산서,인터넷발급,청구
T0125,2024-04-08,2024,2024-04,C28,경상남도 창녕군,,,-100000,-160000,-16000,-176000,Y,수정세금계산서,인터넷발급,청구
T0126,2024-04-08,2024,2024-04,C18,대구광역시 달서구,,,100000,160000,16000,176000,Y,수정세금계산서,인터넷발급,청구
T0127,2024-04-11,2024,2024-04,C28,경상남도 창녕군,,,200000,320000,32000,352000,N,세금계산서,인터넷발급,청구
T0128,2024-04-11,2024,2024-04,C18,대구광역시 달서구,,,100000,200000,20000,220000,N,세금계산서,인터넷발급,청구
T0129,2024-04-11,2024,2024-04,C28,경상남도 창녕군,,,100000,140000,14000,154000,N,세금계산서,인터넷발급,청구
T0130,2024-04-12,2024,2024-04,C18,대구광역시 달서구,,,100000,140000,14000,154000,N,세금계산서,인터넷발급,청구
T0131,2024-04-12,2024,2024-04,C10,서울특별시 강동구,5000000,370,1850000000,1850000000,185000000,2035000000,N,세금계산서,ASP발급,청구
T0132,2024-04-15,2024,2024-04,C04,부산광역시 수영구,,,1000000,1000000,100000,1100000,N,세금계산서,ASP발급,청구
T0133,2024-04-16,2024,2024-04,C28,경상남도 창녕군,,,200000,400000,40000,440000,N,세금계산서,인터넷발급,청구
T0134,2024-04-16,2024,2024-04,C28,경상남도 창녕군,,,100000,120000,12000,132000,N,세금계산서,인터넷발급,청구
T0135,2024-04-22,2024,2024-04,C28,경상남도 창녕군,,,100000,160000,16000,176000,N,세금계산서,인터넷발급,청구
T0136,2024-04-22,2024,2024-04,C18,대구광역시 달서구,,,100000,200000,20000,220000,N,세금계산서,인터넷발급,청구
T0137,2024-04-24,2024,2024-04,C28,경상남도 창녕군,,,200000,360000,36000,396000,N,세금계산서,인터넷발급,청구
T0138,2024-04-30,2024,2024-04,C05,경기도 평택시,483960,447,216330120,216330120,21633012,237963132,N,세금계산서,ASP발급,청구
T0139,2024-04-30,2024,2024-04,C20,인천광역시 중구,,,27360000,27360000,2736000,30096000,N,세금계산서,ASP발급,청구
T0140,2024-04-30,2024,2024-04,C07,경상남도 창원시,,,100000,140000,14000,154000,N,세금계산서,ASP발급,청구
T0141,2024-04-30,2024,2024-04,C07,경상남도 창원시,,,100000,200000,20000,220000,N,세금계산서,ASP발급,청구
T0142,2024-04-30,2024,2024-04,C07,경상남도 창원시,,,200000,360000,36000,396000,N,세금계산서,ASP발급,청구
T0143,2024-04-30,2024,2024-04,C07,경상남도 창원시,,,100000,160000,16000,176000,N,세금계산서,ASP발급,청구
T0144,2024-04-30,2024,2024-04,C07,경상남도 창원시,,,200000,360000,36000,396000,N,세금계산서,ASP발급,청구
T0145,2024-04-30,2024,2024-04,C46,경기도 고양시,78840,17,1340280,1340280,134028,1474308,N,세금계산서,ASP발급,청구
T0146,2024-04-30,2024,2024-04,C02,경상남도 김해시,1560550,449,700686950,700686950,70068695,770755645,N,세금계산서,ASP발급,청구
T0147,2024-04-30,2024,2024-04,C19,경기도 시흥시,180340,447,80611980,80611980,8061198,88673178,N,세금계산서,ASP발급,청구
T0148,2024-04-30,2024,2024-04,C01,경상북도 안동시,1170510,405,474056550,490663150,49066315,539729465,N,세금계산서,ASP발급,청구
T0149,2024-04-30,2024,2024-04,C21,서울특별시 은평구,87670,456,39977520,39977520,3997752,43975272,N,세금계산서,ASP발급,청구
T0150,2024-04-30,2024,2024-04,C46,경기도 고양시,-78840,17,-1340280,-1340280,-134028,-1474308,Y,수정세금계산서,ASP발급,청구
T0151,2024-04-30,2024,2024-04,C46,경기도 고양시,65650,17,1116050,1116050,111605,1227655,Y,수정세금계산서,ASP발급,청구
T0152,2024-04-30,2024,2024-04,C13,서울특별시 강남구,204290,440,89887600,89887600,8988760,98876360,N,세금계산서,ASP발급,청구
T0153,2024-04-30,2024,2024-04,C17,서울특별시 송파구,131860,423,55776780,55776780,5577678,61354458,N,세금계산서,ASP발급,청구
T0154,2024-04-30,2024,2024-04,C15,경기도 용인시,77640,423,32841720,43625160,4362516,47987676,N,세금계산서,ASP발급,청구
T0155,2024-04-30,2024,2024-04,C31,서울특별시 송파구,12900,423,5456700,27574380,2757438,30331818,N,세금계산서,ASP발급,청구
T0156,2024-04-30,2024,2024-04,C08,경기도 용인시,370450,387,143364150,159341510,15934151,175275661,N,세금계산서,ASP발급,청구
T0157,2024-04-30,2024,2024-04,C08,경기도 용인시,-370450,387,-143364150,-159341510,-15934151,-175275661,Y,수정세금계산서,ASP발급,청구
T0158,2024-04-30,2024,2024-04,C08,경기도 용인시,370450,397,147068650,163046010,16304601,179350611,Y,수정세금계산서,ASP발급,청구
T0159,2024-04-30,2024,2024-04,C04,부산광역시 수영구,9708955,8,77671640,77671640,7767164,85438804,N,세금계산서,ASP발급,청구
T0160,2024-04-30,2024,2024-04,C01,경상북도 안동시,56010,408,22852080,48413970,4841397,53255367,N,세금계산서,ASP발급,청구
T0161,2024-04-30,2024,2024-04,C30,부산광역시 중구,,,3459130,12615285,1261527,13876812,N,세금계산서,ASP발급,청구
T0162,2024-04-30,2024,2024-04,C04,부산광역시 수영구,-9708955,8,-77671640,-77671640,-7767164,-85438804,Y,수정세금계산서,ASP발급,청구
T0163,2024-04-30,2024,2024-04,C04,부산광역시 수영구,9708955,9,85438804,85438804,8543880,93982684,Y,수정세금계산서,ASP발급,청구
T0164,2024-04-30,2024,2024-04,C03,서울특별시 송파구,78800,408,32150400,48732000,4873200,53605200,N,세금계산서,ASP발급,청구
T0165,2024-04-30,2024,2024-04,C03,서울특별시 송파구,3824842,13,49722946,73063706,7306370,80370076,N,세금계산서,ASP발급,청구
T0166,2024-04-30,2024,2024-04,C03,서울특별시 송파구,,,3752600,4413100,441310,4854410,N,세금계산서,ASP발급,청구
T0167,2024-04-30,2024,2024-04,C03,서울특별시 송파구,,,1061891,1061891,106188,1168079,N,세금계산서,ASP발급,청구
T0168,2024-04-30,2024,2024-04,C03,서울특별시 송파구,,,58000,58000,5800,63800,N,세금계산서,ASP발급,청구
T0169,2024-04-30,2024,2024-04,C03,서울특별시 송파구,,,1700000,1805000,180500,1985500,N,세금계산서,ASP발급,청구
T0170,2024-04-30,2024,2024-04,C03,서울특별시 송파구,,,12000,12000,1200,13200,N,세금계산서,ASP발급,청구
T0171,2024-04-30,2024,2024-04,C03,서울특별시 송파구,,,-58000,-58000,-5800,-63800,Y,수정세금계산서,ASP발급,청구
T0172,2024-04-30,2024,2024-04,C03,서울특별시 송파구,,,580000,580000,58000,638000,Y,수정세금계산서,ASP발급,청구
T0173,2024-04-30,2024,2024-04,C26,경기도 성남시,110530,408,45096240,45096240,4509624,49605864,N,세금계산서,ASP발급,청구
T0174,2024-05-08,2024,2024-05,C39,경상남도 창원시,,,1000000,1000000,100000,1100000,N,세금계산서,ASP발급,청구
T0175,2024-05-14,2024,2024-05,C28,경상남도 창녕군,,,200000,320000,32000,352000,N,세금계산서,인터넷발급,청구
T0176,2024-05-14,2024,2024-05,C04,부산광역시 수영구,,,1000000,1000000,100000,1100000,N,세금계산서,ASP발급,청구
T0177,2024-05-21,2024,2024-05,C11,서울특별시 중구,200000,435,87000000,87000000,8700000,95700000,N,세금계산서,ASP발급,청구
T0178,2024-05-23,2024,2024-05,C28,경상남도 창녕군,,,200000,320000,32000,352000,N,세금계산서,인터넷발급,청구
T0179,2024-05-24,2024,2024-05,C28,경상남도 창녕군,,,200000,360000,36000,396000,N,세금계산서,인터넷발급,청구
T0180,2024-05-24,2024,2024-05,C18,대구광역시 달서구,,,100000,200000,20000,220000,N,세금계산서,인터넷발급,청구
T0181,2024-05-28,2024,2024-05,C21,서울특별시 은평구,119180,456,54346080,54346080,5434608,59780688,N,세금계산서,ASP발급,청구
T0182,2024-05-30,2024,2024-05,C18,대구광역시 달서구,,,200000,320000,32000,352000,N,세금계산서,인터넷발급,청구
T0183,2024-05-30,2024,2024-05,C25,인천광역시 중구,8,50000,400000,400000,40000,440000,N,세금계산서,ASP발급,청구
T0184,2024-05-30,2024,2024-05,C07,경상남도 창원시,4,20000,80000,180000,18000,198000,N,세금계산서,ASP발급,청구
T0185,2024-05-31,2024,2024-05,C46,경기도 고양시,93200,17,1584400,1584400,158440,1742840,N,세금계산서,ASP발급,청구
T0186,2024-05-31,2024,2024-05,C05,경기도 평택시,534050,447,238720350,238720350,23872035,262592385,N,세금계산서,ASP발급,청구
T0187,2024-05-31,2024,2024-05,C05,경기도 평택시,-534050,447,-238720350,-238720350,-23872035,-262592385,Y,수정세금계산서,ASP발급,청구
T0188,2024-05-31,2024,2024-05,C05,경기도 평택시,559610,447,250145670,250145670,25014567,275160237,Y,수정세금계산서,ASP발급,청구
T0189,2024-05-31,2024,2024-05,C13,서울특별시 강남구,178390,440,78491600,78491600,7849160,86340760,N,세금계산서,ASP발급,청구
T0190,2024-05-31,2024,2024-05,C19,경기도 시흥시,182390,447,81528330,81528330,8152833,89681163,N,세금계산서,ASP발급,청구
T0191,2024-05-31,2024,2024-05,C06,충청남도 천안시,1809330,380,687545400,687545400,68754540,756299940,N,세금계산서,ASP발급,청구
T0192,2024-05-31,2024,2024-05,C02,경상남도 김해시,1596330,409,652898970,652898970,65289897,718188867,N,세금계산서,ASP발급,청구
T0193,2024-05-31,2024,2024-05,C15,경기도 용인시,150763,403,60757489,99272689,9927268,109199957,N,세금계산서,ASP발급,청구
T0194,2024-05-31,2024,2024-05,C08,경기도 용인시,241000,389,93749000,109440360,10944036,120384396,N,세금계산서,ASP발급,청구
T0195,2024-05-31,2024,2024-05,C20,인천광역시 중구,,,27880000,27880000,2788000,30668000,N,세금계산서,ASP발급,청구
T0196,2024-05-31,2024,2024-05,C01,경상북도 안동시,1097600,405,444528000,473013900,47301390,520315290,N,세금계산서,ASP발급,청구
T0197,2024-05-31,2024,2024-05,C30,부산광역시 중구,,,1823030,2717536,271753,2989289,N,세금계산서,ASP발급,청구
T0198,2024-05-31,2024,2024-05,C08,경기도 용인시,500000,365,182500000,338008250,33800825,371809075,N,세금계산서,ASP발급,청구
T0199,2024-05-31,2024,2024-05,C03,서울특별시 송파구,400000,380,152000000,152000000,15200000,167200000,N,세금계산서,ASP발급,청구
T0200,2024-05-31,2024,2024-05,C20,인천광역시 중구,,,-27880000,-27880000,-2788000,-30668000,Y,수정세금계산서,ASP발급,청구
T0201,2024-05-31,2024,2024-05,C20,인천광역시 중구,,,28019500,28019500,2801950,30821450,Y,수정세금계산서,ASP발급,청구
T0202,2024-05-31,2024,2024-05,C04,부산광역시 수영구,7527816,9,66244781,66244781,6624478,72869259,N,세금계산서,ASP발급,청구
T0203,2024-05-31,2024,2024-05,C26,경기도 성남시,160680,408,65557440,65557440,6555744,72113184,N,세금계산서,ASP발급,청구
T0204,2024-05-31,2024,2024-05,C03,서울특별시 송파구,3,580000,1740000,1740000,174000,1914000,N,세금계산서,ASP발급,청구
T0205,2024-05-31,2024,2024-05,C03,서울특별시 송파구,130510,,52325750,52325750,5232575,57558325,N,세금계산서,ASP발급,청구
T0206,2024-05-31,2024,2024-05,C03,서울특별시 송파구,27,20000,540000,540000,54000,594000,N,세금계산서,ASP발급,청구
T0207,2024-05-31,2024,2024-05,C03,서울특별시 송파구,1065091,13,13846183,13846183,1384618,15230801,N,세금계산서,ASP발급,청구
T0208,2024-05-31,2024,2024-05,C03,서울특별시 송파구,58730,22,1292060,2430210,243021,2673231,N,세금계산서,ASP발급,청구
T0209,2024-05-31,2024,2024-05,C03,서울특별시 송파구,124620,15,1869300,1869300,186930,2056230,N,세금계산서,ASP발급,청구
T0210,2024-05-31,2024,2024-05,C03,서울특별시 송파구,,,199410,199410,19941,219351,N,세금계산서,ASP발급,청구
T0211,2024-05-31,2024,2024-05,C01,경상북도 안동시,14800,423,6260400,17231520,1723152,18954672,N,세금계산서,ASP발급,청구
T0212,2024-05-31,2024,2024-05,C17,서울특별시 송파구,26300,408,10730400,21787620,2178762,23966382,N,세금계산서,ASP발급,청구
T0213,2024-06-03,2024,2024-06,C39,경상남도 창원시,,,1000000,1000000,100000,1100000,N,세금계산서,ASP발급,청구
T0214,2024-06-05,2024,2024-06,C18,대구광역시 달서구,,,200000,320000,32000,352000,N,세금계산서,인터넷발급,청구
T0215,2024-06-17,2024,2024-06,C28,경상남도 창녕군,,,200000,400000,40000,440000,N,세금계산서,인터넷발급,청구
T0216,2024-06-17,2024,2024-06,C28,경상남도 창녕군,,,200000,320000,32000,352000,N,세금계산서,인터넷발급,청구
T0217,2024-06-17,2024,2024-06,C18,대구광역시 달서구,,,200000,320000,32000,352000,N,세금계산서,인터넷발급,청구
T0218,2024-06-17,2024,2024-06,C04,부산광역시 수영구,,,1000000,1000000,100000,1100000,N,세금계산서,ASP발급,청구
T0219,2024-06-18,2024,2024-06,C28,경상남도 창녕군,,,200000,320000,32000,352000,N,세금계산서,인터넷발급,청구
T0220,2024-06-26,2024,2024-06,C06,충청남도 천안시,197980,380,75232400,75232400,7523240,82755640,N,세금계산서,ASP발급,청구
T0221,2024-06-28,2024,2024-06,C20,인천광역시 중구,,,23750000,23750000,2375000,26125000,N,세금계산서,ASP발급,청구
T0222,2024-06-28,2024,2024-06,C05,경기도 평택시,505200,447,225824400,225824400,22582440,248406840,N,세금계산서,ASP발급,청구
T0223,2024-06-28,2024,2024-06,C21,서울특별시 은평구,87560,456,39927360,39927360,3992736,43920096,N,세금계산서,ASP발급,청구
T0224,2024-06-28,2024,2024-06,C13,서울특별시 강남구,147390,425,62640750,62640750,6264075,68904825,N,세금계산서,ASP발급,청구
T0225,2024-06-28,2024,2024-06,C07,경상남도 창원시,192410,5,962050,962050,96205,1058255,N,세금계산서,ASP발급,청구
T0226,2024-06-28,2024,2024-06,C07,경상남도 창원시,10,20000,200000,400000,40000,440000,N,세금계산서,ASP발급,청구
T0227,2024-06-30,2024,2024-06,C46,경기도 고양시,59060,17,1004020,1004020,100402,1104422,N,세금계산서,ASP발급,청구
T0228,2024-06-30,2024,2024-06,C01,경상북도 안동시,1008240,405,408337200,434671200,43467120,478138320,N,세금계산서,ASP발급,청구
T0229,2024-06-30,2024,2024-06,C02,경상남도 김해시,1432530,409,585904770,585904770,58590477,644495247,N,세금계산서,ASP발급,청구
T0230,2024-06-30,2024,2024-06,C19,경기도 시흥시,288630,400,115452000,115452000,11545200,126997200,N,세금계산서,ASP발급,청구
T0231,2024-06-30,2024,2024-06,C04,부산광역시 수영구,7735176,9,68069549,68069549,6806954,74876503,N,세금계산서,ASP발급,청구
T0232,2024-06-30,2024,2024-06,C03,서울특별시 송파구,490690,380,186462200,186462200,18646220,205108420,N,세금계산서,ASP발급,청구
T0233,2024-06-30,2024,2024-06,C03,서울특별시 송파구,-490690,380,-186462200,-186462200,-18646220,-205108420,Y,수정세금계산서,ASP발급,청구
T0234,2024-06-30,2024,2024-06,C03,서울특별시 송파구,240690,377,90740130,90740130,9074013,99814143,Y,수정세금계산서,ASP발급,청구
T0235,2024-06-30,2024,2024-06,C08,경기도 용인시,16,20000,320000,147300700,14730070,162030770,N,세금계산서,ASP발급,청구
T0236,2024-06-30,2024,2024-06,C15,경기도 용인시,52880,390,20623200,49572600,4957260,54529860,N,세금계산서,ASP발급,청구
T0237,2024-06-30,2024,2024-06,C15,경기도 용인시,,,939139,4230589,423058,4653647,N,세금계산서,ASP발급,청구
T0238,2024-06-30,2024,2024-06,C01,경상북도 안동시,28410,400,11364000,11364000,1136400,12500400,N,세금계산서,ASP발급,청구
T0239,2024-06-30,2024,2024-06,C15,경기도 용인시,,,-939139,-4230589,-423058,-4653647,Y,수정세금계산서,ASP발급,청구
T0240,2024-06-30,2024,2024-06,C17,서울특별시 송파구,23700,413,9788100,9788100,978810,10766910,N,세금계산서,ASP발급,청구
T0241,2024-06-30,2024,2024-06,C03,서울특별시 송파구,80430,406,32654580,53408860,5340886,58749746,N,세금계산서,ASP발급,청구
T0242,2024-06-30,2024,2024-06,C31,서울특별시 송파구,24540,423,10380420,10380420,1038042,11418462,N,세금계산서,ASP발급,청구
T0243,2024-06-30,2024,2024-06,C03,서울특별시 송파구,57750,365,21078750,21078750,2107875,23186625,N,세금계산서,ASP발급,청구
T0244,2024-06-30,2024,2024-06,C30,부산광역시 중구,128910,29,3738390,4902798,490279,5393077,N,세금계산서,ASP발급,청구
T0245,2024-06-30,2024,2024-06,C03,서울특별시 송파구,2022043,13,26286559,30573087,3057307,33630394,N,세금계산서,ASP발급,청구
T0246,2024-06-30,2024,2024-06,C03,서울특별시 송파구,2,580000,1160000,1160000,116000,1276000,N,세금계산서,ASP발급,청구
T0247,2024-06-30,2024,2024-06,C03,서울특별시 송파구,40,20000,800000,800000,80000,880000,N,세금계산서,ASP발급,청구
T0248,2024-06-30,2024,2024-06,C03,서울특별시 송파구,39060,22,859320,2467360,246736,2714096,N,세금계산서,ASP발급,청구
T0249,2024-06-30,2024,2024-06,C03,서울특별시 송파구,,,80832,80832,8083,88915,N,세금계산서,ASP발급,청구
T0250,2024-07-01,2024,2024-07,C39,경상남도 창원시,,,1000000,1000000,100000,1100000,N,세금계산서,ASP발급,청구
T0251,2024-07-04,2024,2024-07,C25,인천광역시 중구,1000000,368,368000000,368000000,36800000,404800000,N,세금계산서,ASP발급,청구
T0252,2024-07-09,2024,2024-07,C18,대구광역시 달서구,6,20000,120000,320000,32000,352000,N,세금계산서,인터넷발급,청구
T0253,2024-07-09,2024,2024-07,C11,서울특별시 중구,200000,418,83600000,83600000,8360000,91960000,N,세금계산서,ASP발급,청구
T0254,2024-07-11,2024,2024-07,C04,부산광역시 수영구,,,1000000,1000000,100000,1100000,N,세금계산서,ASP발급,청구
T0255,2024-07-18,2024,2024-07,C28,경상남도 창녕군,,,200000,320000,32000,352000,N,세금계산서,인터넷발급,청구
T0256,2024-07-18,2024,2024-07,C28,경상남도 창녕군,,,200000,500000,50000,550000,N,세금계산서,인터넷발급,청구
T0257,2024-07-18,2024,2024-07,C28,경상남도 창녕군,,,200000,320000,32000,352000,N,세금계산서,인터넷발급,청구
T0258,2024-07-18,2024,2024-07,C28,경상남도 창녕군,,,200000,320000,32000,352000,N,세금계산서,인터넷발급,청구
T0259,2024-07-22,2024,2024-07,C28,경상남도 창녕군,,,100000,200000,20000,220000,N,세금계산서,인터넷발급,청구
T0260,2024-07-23,2024,2024-07,C28,경상남도 창녕군,,,200000,360000,36000,396000,N,세금계산서,인터넷발급,청구
T0261,2024-07-31,2024,2024-07,C46,경기도 고양시,51870,17,881790,881790,88179,969969,N,세금계산서,ASP발급,청구
T0262,2024-07-31,2024,2024-07,C04,부산광역시 수영구,11150904,9,98127955,98127955,9812795,107940750,N,세금계산서,ASP발급,청구
T0263,2024-07-31,2024,2024-07,C05,경기도 평택시,443980,447,198459060,198459060,19845906,218304966,N,세금계산서,ASP발급,청구
T0264,2024-07-31,2024,2024-07,C21,서울특별시 은평구,116590,434,50600060,50600060,5060006,55660066,N,세금계산서,ASP발급,청구
T0265,2024-07-31,2024,2024-07,C07,경상남도 창원시,3,20000,60000,160000,16000,176000,N,세금계산서,ASP발급,청구
T0266,2024-07-31,2024,2024-07,C07,경상남도 창원시,10,20000,200000,400000,40000,440000,N,세금계산서,ASP발급,청구
T0267,2024-07-31,2024,2024-07,C07,경상남도 창원시,2,20000,40000,140000,14000,154000,N,세금계산서,ASP발급,청구
T0268,2024-07-31,2024,2024-07,C13,서울특별시 강남구,178230,399,71113770,71113770,7111377,78225147,N,세금계산서,ASP발급,청구
T0269,2024-07-31,2024,2024-07,C36,경기도 용인시,26670,365,9734550,9734550,973455,10708005,N,세금계산서,ASP발급,청구
T0270,2024-07-31,2024,2024-07,C06,충청남도 천안시,758580,363,275364540,275364540,27536454,302900994,N,세금계산서,ASP발급,청구
T0271,2024-07-31,2024,2024-07,C02,경상남도 김해시,1518890,355,539205950,539205950,53920595,593126545,N,세금계산서,ASP발급,청구
T0272,2024-07-31,2024,2024-07,C01,경상북도 안동시,1008760,362,365171120,379752370,37975237,417727607,N,세금계산서,ASP발급,청구
T0273,2024-07-31,2024,2024-07,C19,경기도 시흥시,443790,400,177516000,177516000,17751600,195267600,N,세금계산서,ASP발급,청구
T0274,2024-07-31,2024,2024-07,C20,인천광역시 중구,,,30330000,30330000,3033000,33363000,N,세금계산서,ASP발급,청구
T0275,2024-07-31,2024,2024-07,C17,서울특별시 송파구,26250,398,10447500,32105220,3210522,35315742,N,세금계산서,ASP발급,청구
T0276,2024-07-31,2024,2024-07,C01,경상북도 안동시,53770,390,20970300,20970300,2097030,23067330,N,세금계산서,ASP발급,청구
T0277,2024-07-31,2024,2024-07,C03,서울특별시 송파구,17170,404,6936680,171316950,17131695,188448645,N,세금계산서,ASP발급,청구
T0278,2024-07-31,2024,2024-07,C03,서울특별시 송파구,540690,377,203840130,203840130,20384013,224224143,N,세금계산서,ASP발급,청구
T0279,2024-07-31,2024,2024-07,C08,경기도 용인시,14,,280000,580000,58000,638000,N,세금계산서,ASP발급,청구
T0280,2024-07-31,2024,2024-07,C03,서울특별시 송파구,19960,22,439120,1143830,114383,1258213,N,세금계산서,ASP발급,청구
T0281,2024-07-31,2024,2024-07,C03,서울특별시 송파구,,,4728,4728,472,5200,N,세금계산서,ASP발급,청구
T0282,2024-07-31,2024,2024-07,C03,서울특별시 송파구,23070,22,507540,507540,50754,558294,N,세금계산서,ASP발급,청구
T0283,2024-07-31,2024,2024-07,C03,서울특별시 송파구,,,580000,580000,58000,638000,N,세금계산서,ASP발급,청구
T0284,2024-07-31,2024,2024-07,C08,경기도 용인시,26760,389,10409640,10409640,1040964,11450604,N,세금계산서,ASP발급,청구
T0285,2024-07-31,2024,2024-07,C30,부산광역시 중구,129085,,2662145,4267839,426782,4694621,N,세금계산서,ASP발급,청구
T0286,2024-07-31,2024,2024-07,C08,경기도 용인시,902936,380,343115680,343115680,34311568,377427248,N,세금계산서,ASP발급,청구
T0287,2024-07-31,2024,2024-07,C26,경기도 성남시,27590,408,11256720,11256720,1125672,12382392,N,세금계산서,ASP발급,청구
T0288,2024-07-31,2024,2024-07,C29,서울특별시 금천구,7850,420,3297000,3297000,329700,3626700,N,세금계산서,ASP발급,청구
T0289,2024-07-31,2024,2024-07,C15,경기도 용인시,53960,390,21044400,31290900,3129090,34419990,N,세금계산서,ASP발급,청구
T0290,2024-08-01,2024,2024-08,C39,경상남도 창원시,,,1000000,1000000,100000,1100000,N,세금계산서,ASP발급,청구
T0291,2024-08-09,2024,2024-08,C28,경상남도 창녕군,,,200000,320000,32000,352000,N,세금계산서,인터넷발급,청구
T0292,2024-08-09,2024,2024-08,C32,경기도 의정부시,300000,355,106500000,106500000,10650000,117150000,N,세금계산서,ASP발급,청구
T0293,2024-08-09,2024,2024-08,C51,부산광역시 강서구,,,194527,194527,19452,213979,N,세금계산서,ASP발급,청구
T0294,2024-08-16,2024,2024-08,C28,경상남도 창녕군,,,200000,360000,36000,396000,N,세금계산서,인터넷발급,청구
T0295,2024-08-19,2024,2024-08,C18,대구광역시 달서구,,,200000,320000,32000,352000,N,세금계산서,인터넷발급,청구
T0296,2024-08-19,2024,2024-08,C18,대구광역시 달서구,,,200000,360000,36000,396000,N,세금계산서,인터넷발급,청구
T0297,2024-08-19,2024,2024-08,C28,경상남도 창녕군,,,200000,320000,32000,352000,N,세금계산서,인터넷발급,청구
T0298,2024-08-19,2024,2024-08,C28,경상남도 창녕군,,,-200000,-320000,-32000,-352000,Y,수정세금계산서,인터넷발급,청구
T0299,2024-08-19,2024,2024-08,C18,대구광역시 달서구,,,200000,320000,32000,352000,Y,수정세금계산서,인터넷발급,청구
T0300,2024-08-19,2024,2024-08,C18,대구광역시 달서구,,,-200000,-360000,-36000,-396000,Y,수정세금계산서,인터넷발급,청구
T0301,2024-08-19,2024,2024-08,C28,경상남도 창녕군,,,200000,360000,36000,396000,Y,수정세금계산서,인터넷발급,청구
T0302,2024-08-23,2024,2024-08,C18,대구광역시 달서구,,,100000,180000,18000,198000,N,세금계산서,인터넷발급,청구
T0303,2024-08-29,2024,2024-08,C04,부산광역시 수영구,,,1000000,1000000,100000,1100000,N,세금계산서,ASP발급,청구
T0304,2024-08-29,2024,2024-08,C07,경상남도 창원시,1,20000,20000,20000,2000,22000,N,세금계산서,ASP발급,청구
T0305,2024-08-29,2024,2024-08,C07,경상남도 창원시,8,20000,160000,360000,36000,396000,N,세금계산서,ASP발급,청구
T0306,2024-08-29,2024,2024-08,C25,인천광역시 중구,8,50000,400000,400000,40000,440000,N,세금계산서,ASP발급,청구
T0307,2024-08-29,2024,2024-08,C07,경상남도 창원시,,,200000,320000,32000,352000,N,세금계산서,ASP발급,청구
T0308,2024-08-30,2024,2024-08,C28,경상남도 창녕군,6,20000,120000,320000,32000,352000,N,세금계산서,인터넷발급,청구
T0309,2024-08-30,2024,2024-08,C18,대구광역시 달서구,,,200000,300000,30000,330000,N,세금계산서,인터넷발급,청구
T0310,2024-08-30,2024,2024-08,C18,대구광역시 달서구,,,100000,120000,12000,132000,N,세금계산서,인터넷발급,청구
T0311,2024-08-30,2024,2024-08,C35,서울 강남구,78450,15,1176750,1176750,117675,1294425,N,세금계산서,ASP발급,청구
T0312,2024-08-30,2024,2024-08,C21,서울특별시 은평구,58570,409,23955130,23955130,2395513,26350643,N,세금계산서,ASP발급,청구
T0313,2024-08-30,2024,2024-08,C05,경기도 평택시,602260,447,269210220,269210220,26921022,296131242,N,세금계산서,ASP발급,청구
T0314,2024-08-30,2024,2024-08,C35,서울 강남구,-78450,15,-1176750,-1176750,-117675,-1294425,Y,수정세금계산서,ASP발급,청구
T0315,2024-08-31,2024,2024-08,C02,경상남도 김해시,1356300,355,481486500,481486500,48148650,529635150,N,세금계산서,ASP발급,청구
T0316,2024-08-31,2024,2024-08,C13,서울특별시 강남구,119290,384,45807360,45807360,4580736,50388096,N,세금계산서,ASP발급,청구
T0317,2024-08-31,2024,2024-08,C39,경상남도 창원시,,,1000000,1000000,100000,1100000,N,세금계산서,ASP발급,청구
T0318,2024-08-31,2024,2024-08,C20,인천광역시 중구,,,22450000,22450000,2245000,24695000,N,세금계산서,ASP발급,청구
T0319,2024-08-31,2024,2024-08,C15,경기도 용인시,107710,325,35005750,35005750,3500575,38506325,N,세금계산서,ASP발급,청구
T0320,2024-08-31,2024,2024-08,C15,경기도 용인시,106970,370,39578900,49319400,4931940,54251340,N,세금계산서,ASP발급,청구
T0321,2024-08-31,2024,2024-08,C06,충청남도 천안시,241420,363,87635460,357420830,35742083,393162913,N,세금계산서,ASP발급,청구
T0322,2024-08-31,2024,2024-08,C32,경기도 의정부시,42530,355,15098150,15098150,1509815,16607965,N,세금계산서,ASP발급,청구
T0323,2024-08-31,2024,2024-08,C04,부산광역시 수영구,11322537,9,99638326,99638326,9963832,109602158,N,세금계산서,ASP발급,청구
T0324,2024-08-31,2024,2024-08,C08,경기도 용인시,52,20000,1040000,2740000,274000,3014000,N,세금계산서,ASP발급,청구
T0325,2024-08-31,2024,2024-08,C08,경기도 용인시,79390,360,28580400,29259150,2925915,32185065,N,세금계산서,ASP발급,청구
T0326,2024-08-31,2024,2024-08,C01,경상북도 안동시,26120,390,10186800,10186800,1018680,11205480,N,세금계산서,ASP발급,청구
T0327,2024-08-31,2024,2024-08,C30,부산광역시 중구,7,100000,700000,1350273,135027,1485300,N,세금계산서,ASP발급,청구
T0328,2024-08-31,2024,2024-08,C17,서울특별시 송파구,76070,385,29286950,69221050,6922105,76143155,N,세금계산서,ASP발급,청구
T0329,2024-08-31,2024,2024-08,C31,서울특별시 송파구,11800,385,4543000,4543000,454300,4997300,N,세금계산서,ASP발급,청구
T0330,2024-08-31,2024,2024-08,C17,서울특별시 송파구,100000,370,37000000,37000000,3700000,40700000,N,세금계산서,ASP발급,청구
T0331,2024-08-31,2024,2024-08,C03,서울특별시 송파구,200780,17,3413260,3413260,341326,3754586,N,세금계산서,ASP발급,청구
T0332,2024-08-31,2024,2024-08,C03,서울특별시 송파구,39260,17,667420,1581120,158112,1739232,N,세금계산서,ASP발급,청구
T0333,2024-08-31,2024,2024-08,C03,서울특별시 송파구,,,196530,196530,19653,216183,N,세금계산서,ASP발급,청구
T0334,2024-08-31,2024,2024-08,C03,서울특별시 송파구,28490,385,10968650,392674500,39267450,431941950,N,세금계산서,ASP발급,청구
T0335,2024-08-31,2024,2024-08,C01,경상북도 안동시,700915,360,252329400,266154000,26615400,292769400,N,세금계산서,ASP발급,청구
T0336,2024-08-31,2024,2024-08,C04,부산광역시 수영구,250305,350,87606750,87606750,8760675,96367425,N,세금계산서,ASP발급,청구
T0337,2024-08-31,2024,2024-08,C39,경상남도 창원시,,,-1000000,-1000000,-100000,-1100000,Y,수정세금계산서,ASP발급,청구
T0338,2024-08-31,2024,2024-08,C04,부산광역시 수영구,78860,350,27601000,27601000,2760100,30361100,N,세금계산서,ASP발급,청구
T0339,2024-08-31,2024,2024-08,C18,대구광역시 달서구,78860,353,27837580,27837580,2783758,30621338,N,세금계산서,ASP발급,청구
T0340,2024-08-31,2024,2024-08,C04,부산광역시 수영구,-78860,350,-27601000,-27601000,-2760100,-30361100,Y,수정세금계산서,ASP발급,청구
T0341,2024-09-01,2024,2024-09,C39,경상남도 창원시,,,1000000,1000000,100000,1100000,Y,수정세금계산서,ASP발급,청구
T0342,2024-09-02,2024,2024-09,C28,경상남도 창녕군,,,200000,360000,36000,396000,N,세금계산서,인터넷발급,청구
T0343,2024-09-05,2024,2024-09,C18,대구광역시 달서구,3,20000,60000,160000,16000,176000,N,세금계산서,인터넷발급,청구
T0344,2024-09-05,2024,2024-09,C11,서울특별시 중구,200000,,77600000,77600000,7760000,85360000,N,세금계산서,ASP발급,청구
T0345,2024-09-09,2024,2024-09,C28,경상남도 창녕군,6,20000,120000,320000,32000,352000,N,세금계산서,인터넷발급,청구
T0346,2024-09-10,2024,2024-09,C28,경상남도 창녕군,,,200000,320000,32000,352000,N,세금계산서,인터넷발급,청구
T0347,2024-09-10,2024,2024-09,C18,대구광역시 달서구,,,200000,320000,32000,352000,N,세금계산서,인터넷발급,청구
T0348,2024-09-11,2024,2024-09,C18,대구광역시 달서구,,,100000,120000,12000,132000,N,세금계산서,인터넷발급,청구
T0349,2024-09-11,2024,2024-09,C18,대구광역시 달서구,,,100000,160000,16000,176000,N,세금계산서,인터넷발급,청구
T0350,2024-09-20,2024,2024-09,C04,부산광역시 수영구,,,1000000,1000000,100000,1100000,N,세금계산서,ASP발급,청구
T0351,2024-09-20,2024,2024-09,C09,전라북도 전주시,1000000,336,336000000,336000000,33600000,369600000,N,세금계산서,ASP발급,청구
T0352,2024-09-24,2024,2024-09,C18,대구광역시 달서구,6,20000,120000,320000,32000,352000,N,세금계산서,인터넷발급,청구
T0353,2024-09-25,2024,2024-09,C18,대구광역시 달서구,146950,353,51873350,51873350,5187335,57060685,N,세금계산서,ASP발급,청구
T0354,2024-09-26,2024,2024-09,C07,경상남도 창원시,,,200000,320000,32000,352000,N,세금계산서,ASP발급,청구
T0355,2024-09-26,2024,2024-09,C07,경상남도 창원시,,,200000,360000,36000,396000,N,세금계산서,ASP발급,청구
T0356,2024-09-30,2024,2024-09,C06,충청남도 천안시,264890,367,97214630,392262080,39226208,431488288,N,세금계산서,ASP발급,청구
T0357,2024-09-30,2024,2024-09,C02,경상남도 김해시,1342740,355,476672700,476672700,47667270,524339970,N,세금계산서,ASP발급,청구
T0358,2024-09-30,2024,2024-09,C05,경기도 평택시,478340,395,188944300,188944300,18894430,207838730,N,세금계산서,ASP발급,청구
T0359,2024-09-30,2024,2024-09,C13,서울특별시 강남구,180760,374,67604240,67604240,6760424,74364664,N,세금계산서,ASP발급,청구
T0360,2024-09-30,2024,2024-09,C21,서울특별시 은평구,117830,409,48192470,48192470,4819247,53011717,N,세금계산서,ASP발급,청구
T0361,2024-09-30,2024,2024-09,C17,서울특별시 송파구,100000,370,37000000,37000000,3700000,40700000,N,세금계산서,ASP발급,청구
T0362,2024-09-30,2024,2024-09,C04,부산광역시 수영구,7479839,9,65822583,65822583,6582258,72404841,N,세금계산서,ASP발급,청구
T0363,2024-09-30,2024,2024-09,C20,인천광역시 중구,,,25841000,25841000,2584100,28425100,N,세금계산서,ASP발급,청구
T0364,2024-09-30,2024,2024-09,C31,서울특별시 송파구,100000,370,37000000,37000000,3700000,40700000,N,세금계산서,ASP발급,청구
T0365,2024-09-30,2024,2024-09,C08,경기도 용인시,,,1260000,1435000,143500,1578500,N,세금계산서,ASP발급,청구
T0366,2024-09-30,2024,2024-09,C08,경기도 용인시,135250,350,47337500,61437450,6143745,67581195,N,세금계산서,ASP발급,청구
T0367,2024-09-30,2024,2024-09,C30,부산광역시 중구,2,100000,200000,933737,93372,1027109,N,세금계산서,ASP발급,청구
T0368,2024-09-30,2024,2024-09,C15,경기도 용인시,28260,345,9749700,14512500,1451250,15963750,N,세금계산서,ASP발급,청구
T0369,2024-09-30,2024,2024-09,C15,경기도 용인시,91310,325,29675750,29675750,2967575,32643325,N,세금계산서,ASP발급,청구
T0370,2024-09-30,2024,2024-09,C03,서울특별시 송파구,,,567040,567040,56704,623744,N,세금계산서,ASP발급,청구
T0371,2024-09-30,2024,2024-09,C03,서울특별시 송파구,105140,,1613070,1613070,161307,1774377,N,세금계산서,ASP발급,청구
T0372,2024-09-30,2024,2024-09,C03,서울특별시 송파구,192000,17,3264000,3264000,326400,3590400,N,세금계산서,ASP발급,청구
T0373,2024-09-30,2024,2024-09,C03,서울특별시 송파구,69180,375,25942500,63490500,6349050,69839550,N,세금계산서,ASP발급,청구
T0374,2024-09-30,2024,2024-09,C03,서울특별시 송파구,63850,365,23305250,427791170,42779117,470570287,N,세금계산서,ASP발급,청구
T0375,2024-09-30,2024,2024-09,C03,서울특별시 송파구,900000,370,333000000,333000000,33300000,366300000,N,세금계산서,ASP발급,청구
T0376,2024-09-30,2024,2024-09,C03,서울특별시 송파구,63850,365,23305250,204905850,20490585,225396435,N,세금계산서,ASP발급,청구
T0377,2024-09-30,2024,2024-09,C01,경상북도 안동시,992340,360,357242400,357242400,35724240,392966640,N,세금계산서,ASP발급,청구
T0378,2024-09-30,2024,2024-09,C01,경상북도 안동시,26750,370,9897500,9897500,989750,10887250,N,세금계산서,ASP발급,청구
T0379,2024-09-30,2024,2024-09,C03,서울특별시 송파구,-63850,365,-23305250,-427791170,-42779117,-470570287,Y,수정세금계산서,ASP발급,청구
T0380,2024-09-30,2024,2024-09,C17,서울특별시 송파구,25560,375,9585000,28762200,2876220,31638420,N,세금계산서,ASP발급,청구
T0381,2024-09-30,2024,2024-09,C31,서울특별시 송파구,11880,375,4455000,4455000,445500,4900500,N,세금계산서,ASP발급,청구
T0382,2024-09-30,2024,2024-09,C17,서울특별시 송파구,30040,340,10213600,11910500,1191050,13101550,N,세금계산서,ASP발급,청구
T0383,2024-10-01,2024,2024-10,C39,경상남도 창원시,,,1000000,1000000,100000,1100000,N,세금계산서,ASP발급,청구
T0384,2024-10-02,2024,2024-10,C28,경상남도 창녕군,6,20000,120000,320000,32000,352000,N,세금계산서,인터넷발급,청구
T0385,2024-10-02,2024,2024-10,C50,인천광역시 남동구,25746,18,463428,658428,65842,724270,N,세금계산서,ASP발급,청구
T0386,2024-10-11,2024,2024-10,C28,경상남도 창녕군,2,20000,40000,140000,14000,154000,N,세금계산서,인터넷발급,청구
T0387,2024-10-15,2024,2024-10,C28,경상남도 창녕군,5,20000,100000,300000,30000,330000,N,세금계산서,인터넷발급,청구
T0388,2024-10-15,2024,2024-10,C04,부산광역시 수영구,,,1000000,1000000,100000,1100000,N,세금계산서,ASP발급,청구
T0389,2024-10-17,2024,2024-10,C28,경상남도 창녕군,10,20000,200000,400000,40000,440000,N,세금계산서,인터넷발급,청구
T0390,2024-10-17,2024,2024-10,C28,경상남도 창녕군,-10,20000,-200000,-400000,-40000,-440000,Y,수정세금계산서,인터넷발급,청구
T0391,2024-10-17,2024,2024-10,C28,경상남도 창녕군,5,20000,100000,300000,30000,330000,Y,수정세금계산서,인터넷발급,청구
T0392,2024-10-18,2024,2024-10,C28,경상남도 창녕군,1,20000,20000,120000,12000,132000,N,세금계산서,인터넷발급,청구
T0393,2024-10-21,2024,2024-10,C18,대구광역시 달서구,8,20000,160000,360000,36000,396000,N,세금계산서,인터넷발급,청구
T0394,2024-10-21,2024,2024-10,C28,경상남도 창녕군,8,20000,160000,360000,36000,396000,N,세금계산서,인터넷발급,청구
T0395,2024-10-21,2024,2024-10,C28,경상남도 창녕군,8,20000,160000,360000,36000,396000,N,세금계산서,인터넷발급,청구
T0396,2024-10-22,2024,2024-10,C11,서울특별시 중구,200000,380,76000000,76000000,7600000,83600000,N,세금계산서,ASP발급,청구
T0397,2024-10-28,2024,2024-10,C18,대구광역시 달서구,,,200000,320000,32000,352000,N,세금계산서,인터넷발급,청구
T0398,2024-10-30,2024,2024-10,C13,서울특별시 강남구,150420,374,56257080,56257080,5625708,61882788,N,세금계산서,ASP발급,청구
T0399,2024-10-31,2024,2024-10,C18,대구광역시 달서구,,,200000,320000,32000,352000,N,세금계산서,인터넷발급,청구
T0400,2024-10-31,2024,2024-10,C28,경상남도 창녕군,,,200000,320000,32000,352000,N,세금계산서,인터넷발급,청구
T0401,2024-10-31,2024,2024-10,C18,대구광역시 달서구,123990,353,43768470,43768470,4376847,48145317,N,세금계산서,ASP발급,청구
T0402,2024-10-31,2024,2024-10,C07,경상남도 창원시,,,20000,20000,2000,22000,N,세금계산서,ASP발급,청구
T0403,2024-10-31,2024,2024-10,C07,경상남도 창원시,2,20000,40000,140000,14000,154000,N,세금계산서,ASP발급,청구
T0404,2024-10-31,2024,2024-10,C07,경상남도 창원시,6,,120000,320000,32000,352000,N,세금계산서,ASP발급,청구
T0405,2024-10-31,2024,2024-10,C25,인천광역시 중구,4,50000,200000,200000,20000,220000,N,세금계산서,ASP발급,청구
T0406,2024-10-31,2024,2024-10,C05,경기도 평택시,528090,395,208595550,208595550,20859555,229455105,N,세금계산서,ASP발급,청구
T0407,2024-10-31,2024,2024-10,C02,경상남도 김해시,1737510,355,616816050,616816050,61681605,678497655,N,세금계산서,ASP발급,청구
T0408,2024-10-31,2024,2024-10,C06,충청남도 천안시,144790,345,49952550,373871670,37387167,411258837,N,세금계산서,ASP발급,청구
T0409,2024-10-31,2024,2024-10,C03,서울특별시 송파구,500000,370,185000000,185000000,18500000,203500000,N,세금계산서,ASP발급,청구
T0410,2024-10-31,2024,2024-10,C21,서울특별시 은평구,86120,379,32639480,32639480,3263948,35903428,N,세금계산서,ASP발급,청구
T0411,2024-10-31,2024,2024-10,C20,인천광역시 중구,,,32565500,32565500,3256550,35822050,N,세금계산서,ASP발급,청구
T0412,2024-10-31,2024,2024-10,C04,부산광역시 수영구,5140511,9,45236497,45236497,4523649,49760146,N,세금계산서,ASP발급,청구
T0413,2024-10-31,2024,2024-10,C36,경기도 용인시,27660,335,9266100,9266100,926610,10192710,N,세금계산서,ASP발급,청구
T0414,2024-10-31,2024,2024-10,C31,서울특별시 송파구,100000,360,36000000,36000000,3600000,39600000,N,세금계산서,ASP발급,청구
T0415,2024-10-31,2024,2024-10,C15,경기도 용인시,77600,345,26772000,88400400,8840040,97240440,N,세금계산서,ASP발급,청구
T0416,2024-10-31,2024,2024-10,C08,경기도 용인시,2,,40000,240000,24000,264000,N,세금계산서,ASP발급,청구
T0417,2024-10-31,2024,2024-10,C08,경기도 용인시,267970,350,93789500,110681700,11068170,121749870,N,세금계산서,ASP발급,청구
T0418,2024-10-31,2024,2024-10,C01,경상북도 안동시,1176260,333,391694580,400272660,40027266,440299926,N,세금계산서,ASP발급,청구
T0419,2024-10-31,2024,2024-10,C01,경상북도 안동시,-1176260,333,-391694580,-400272660,-40027266,-440299926,Y,수정세금계산서,ASP발급,청구
T0420,2024-10-31,2024,2024-10,C01,경상북도 안동시,1176260,332,390518320,399070640,39907064,438977704,Y,수정세금계산서,ASP발급,청구
T0421,2024-10-31,2024,2024-10,C30,부산광역시 중구,5,100000,500000,4430672,443067,4873739,N,세금계산서,ASP발급,청구
T0422,2024-10-31,2024,2024-10,C01,경상북도 안동시,53490,370,19791300,19791300,1979130,21770430,N,세금계산서,ASP발급,청구
T0423,2024-10-31,2024,2024-10,C03,서울특별시 송파구,108930,375,40848750,69159150,6915915,76075065,N,세금계산서,ASP발급,청구
T0424,2024-10-31,2024,2024-10,C03,서울특별시 송파구,74000,365,27010000,300555721,30055572,330611293,N,세금계산서,ASP발급,청구
T0425,2024-10-31,2024,2024-10,C03,서울특별시 송파구,312260,17,5308420,5815564,581556,6397120,N,세금계산서,ASP발급,청구
T0426,2024-10-31,2024,2024-10,C03,서울특별시 송파구,57510,17,977670,3320336,332033,3652369,N,세금계산서,ASP발급,청구
T0427,2024-10-31,2024,2024-10,C03,서울특별시 송파구,,,86108,758091,75808,833899,N,세금계산서,ASP발급,청구
T0428,2024-10-31,2024,2024-10,C17,서울특별시 송파구,80440,360,28958400,28958400,2895840,31854240,N,세금계산서,ASP발급,청구
T0429,2024-11-01,2024,2024-11,C03,서울특별시 송파구,800000,370,296000000,296000000,29600000,325600000,N,세금계산서,ASP발급,청구
T0430,2024-11-01,2024,2024-11,C39,경상남도 창원시,,,1000000,1000000,100000,1100000,N,세금계산서,ASP발급,청구
T0431,2024-11-04,2024,2024-11,C28,경상남도 창녕군,,,100000,200000,20000,220000,N,세금계산서,인터넷발급,청구
T0432,2024-11-05,2024,2024-11,C28,경상남도 창녕군,,,200000,400000,40000,440000,N,세금계산서,인터넷발급,청구
T0433,2024-11-11,2024,2024-11,C28,경상남도 창녕군,,,100000,180000,18000,198000,N,세금계산서,인터넷발급,청구
T0434,2024-11-14,2024,2024-11,C18,대구광역시 달서구,,,100000,140000,14000,154000,N,세금계산서,인터넷발급,청구
T0435,2024-11-14,2024,2024-11,C18,대구광역시 달서구,,,100000,120000,12000,132000,N,세금계산서,인터넷발급,청구
T0436,2024-11-20,2024,2024-11,C04,부산광역시 수영구,,,1000000,1000000,100000,1100000,N,세금계산서,ASP발급,청구
T0437,2024-11-25,2024,2024-11,C18,대구광역시 달서구,4,20000,80000,180000,18000,198000,N,세금계산서,인터넷발급,청구
T0438,2024-11-25,2024,2024-11,C06,충청남도 천안시,24340,332,8080880,173353130,17335313,190688443,N,세금계산서,ASP발급,청구
T0439,2024-11-26,2024,2024-11,C18,대구광역시 달서구,,,200000,320000,32000,352000,N,세금계산서,인터넷발급,청구
T0440,2024-11-29,2024,2024-11,C05,경기도 평택시,780970,395,308483150,308483150,30848315,339331465,N,세금계산서,ASP발급,청구
T0441,2024-11-29,2024,2024-11,C13,서울특별시 강남구,119650,364,43552600,43552600,4355260,47907860,N,세금계산서,ASP발급,청구
T0442,2024-11-29,2024,2024-11,C31,서울특별시 송파구,100000,360,36000000,36000000,3600000,39600000,N,세금계산서,ASP발급,청구
T0443,2024-11-30,2024,2024-11,C07,경상남도 창원시,8,20000,160000,360000,36000,396000,N,세금계산서,ASP발급,청구
T0444,2024-11-30,2024,2024-11,C02,경상남도 김해시,1814270,340,616851800,616851800,61685180,678536980,N,세금계산서,ASP발급,청구
T0445,2024-11-30,2024,2024-11,C37,대전광역시 유성구,101670,350,35584500,35584500,3558450,39142950,N,세금계산서,ASP발급,청구
T0446,2024-11-30,2024,2024-11,C20,인천광역시 중구,,,26980000,26980000,2698000,29678000,N,세금계산서,ASP발급,청구
T0447,2024-11-30,2024,2024-11,C21,서울특별시 은평구,116150,379,44020850,44020850,4402085,48422935,N,세금계산서,ASP발급,청구
T0448,2024-11-30,2024,2024-11,C08,경기도 용인시,,,2020000,2020000,202000,2222000,N,세금계산서,ASP발급,청구
T0449,2024-11-30,2024,2024-11,C08,경기도 용인시,188860,350,66101000,80193650,8019365,88213015,N,세금계산서,ASP발급,청구
T0450,2024-11-30,2024,2024-11,C03,서울특별시 송파구,58565,365,21376225,258845295,25884528,284729823,N,세금계산서,ASP발급,청구
T0451,2024-11-30,2024,2024-11,C03,서울특별시 송파구,128090,375,48033750,65770950,6577095,72348045,N,세금계산서,ASP발급,청구
T0452,2024-11-30,2024,2024-11,C01,경상북도 안동시,1160420,332,385259440,393854920,39385492,433240412,N,세금계산서,ASP발급,청구
T0453,2024-11-30,2024,2024-11,C01,경상북도 안동시,27650,370,10230500,10230500,1023050,11253550,N,세금계산서,ASP발급,청구
T0454,2024-11-30,2024,2024-11,C04,부산광역시 수영구,7415265,9,65254332,65254332,6525433,71779765,N,세금계산서,ASP발급,청구
T0455,2024-11-30,2024,2024-11,C33,경상남도 밀양시,26200,335,8777000,8777000,877700,9654700,N,세금계산서,ASP발급,청구
T0456,2024-11-30,2024,2024-11,C17,서울특별시 송파구,105500,370,39035000,39035000,3903500,42938500,N,세금계산서,ASP발급,청구
T0457,2024-11-30,2024,2024-11,C15,경기도 용인시,53380,355,18949900,34386300,3438630,37824930,N,세금계산서,ASP발급,청구
T0458,2024-11-30,2024,2024-11,C30,부산광역시 중구,158400,5,792000,792000,79200,871200,N,세금계산서,ASP발급,청구
T0459,2024-11-30,2024,2024-11,C03,서울특별시 송파구,120140,17,2042380,2042380,204238,2246618,N,세금계산서,ASP발급,청구
T0460,2024-11-30,2024,2024-11,C03,서울특별시 송파구,24980,17,424660,2558116,255811,2813927,N,세금계산서,ASP발급,청구
T0461,2024-11-30,2024,2024-11,C03,서울특별시 송파구,,,66861,600976,60097,661073,N,세금계산서,ASP발급,청구
T0462,2024-11-30,2024,2024-11,C26,경기도 성남시,53270,365,19443550,19443550,1944355,21387905,N,세금계산서,ASP발급,청구
T0463,2024-12-01,2024,2024-12,C04,부산광역시 수영구,1100000,346,380600000,380600000,38060000,418660000,N,세금계산서,ASP발급,청구
T0464,2024-12-02,2024,2024-12,C28,경상남도 창녕군,,,100000,200000,20000,220000,N,세금계산서,인터넷발급,청구
T0465,2024-12-02,2024,2024-12,C28,경상남도 창녕군,,,100000,140000,14000,154000,N,세금계산서,인터넷발급,청구
T0466,2024-12-02,2024,2024-12,C11,서울특별시 중구,400000,389,155600000,155600000,15560000,171160000,N,세금계산서,ASP발급,청구
T0467,2024-12-02,2024,2024-12,C39,경상남도 창원시,,,1000000,1000000,100000,1100000,N,세금계산서,ASP발급,청구
T0468,2024-12-02,2024,2024-12,C03,서울특별시 송파구,400000,370,148000000,148000000,14800000,162800000,N,세금계산서,ASP발급,청구
T0469,2024-12-03,2024,2024-12,C18,대구광역시 달서구,,,100000,140000,14000,154000,N,세금계산서,인터넷발급,청구
T0470,2024-12-03,2024,2024-12,C18,대구광역시 달서구,,,100000,140000,14000,154000,N,세금계산서,인터넷발급,청구
T0471,2024-12-03,2024,2024-12,C09,전라북도 전주시,1000000,348,348000000,348000000,34800000,382800000,N,세금계산서,ASP발급,청구
T0472,2024-12-03,2024,2024-12,C07,경상남도 창원시,1000000,347,347000000,347000000,34700000,381700000,N,세금계산서,ASP발급,청구
T0473,2024-12-03,2024,2024-12,C33,경상남도 밀양시,26620,335,8917700,8917700,891770,9809470,N,세금계산서,ASP발급,청구
T0474,2024-12-04,2024,2024-12,C18,대구광역시 달서구,,,100000,160000,16000,176000,N,세금계산서,인터넷발급,청구
T0475,2024-12-04,2024,2024-12,C18,대구광역시 달서구,,,100000,180000,18000,198000,N,세금계산서,인터넷발급,청구
T0476,2024-12-04,2024,2024-12,C28,경상남도 창녕군,,,200000,320000,32000,352000,N,세금계산서,인터넷발급,청구
T0477,2024-12-09,2024,2024-12,C03,서울특별시 송파구,400000,337,134800000,134800000,13480000,148280000,N,세금계산서,ASP발급,청구
T0478,2024-12-13,2024,2024-12,C18,대구광역시 달서구,,,200000,360000,36000,396000,N,세금계산서,인터넷발급,청구
T0479,2024-12-16,2024,2024-12,C28,경상남도 창녕군,,,200000,360000,36000,396000,N,세금계산서,인터넷발급,청구
T0480,2024-12-16,2024,2024-12,C04,부산광역시 수영구,,,1000000,1000000,100000,1100000,N,세금계산서,ASP발급,청구
T0481,2024-12-18,2024,2024-12,C33,경상남도 밀양시,27030,335,9055050,9055050,905505,9960555,N,세금계산서,ASP발급,청구
T0482,2024-12-20,2024,2024-12,C18,대구광역시 달서구,,,200000,320000,32000,352000,N,세금계산서,인터넷발급,청구
T0483,2024-12-23,2024,2024-12,C28,경상남도 창녕군,,,200000,400000,40000,440000,N,세금계산서,인터넷발급,청구
T0484,2024-12-23,2024,2024-12,C03,서울특별시 송파구,100000,370,37000000,37000000,3700000,40700000,N,세금계산서,ASP발급,청구
T0485,2024-12-24,2024,2024-12,C28,경상남도 창녕군,,,100000,180000,18000,198000,N,세금계산서,인터넷발급,청구
T0486,2024-12-26,2024,2024-12,C18,대구광역시 달서구,,,200000,360000,36000,396000,N,세금계산서,인터넷발급,청구
T0487,2024-12-27,2024,2024-12,C28,경상남도 창녕군,,,100000,120000,12000,132000,N,세금계산서,인터넷발급,청구
T0488,2024-12-27,2024,2024-12,C18,대구광역시 달서구,,,100000,140000,14000,154000,N,세금계산서,인터넷발급,청구
T0489,2024-12-30,2024,2024-12,C33,경상남도 밀양시,27380,335,9172300,9172300,917230,10089530,N,세금계산서,ASP발급,청구
T0490,2024-12-30,2024,2024-12,C26,경기도 성남시,108160,365,39478400,39478400,3947840,43426240,N,세금계산서,ASP발급,청구
T0491,2024-12-30,2024,2024-12,C18,대구광역시 달서구,26350,353,9301550,9301550,930155,10231705,N,세금계산서,ASP발급,청구
T0492,2024-12-30,2024,2024-12,C07,경상남도 창원시,,,200000,360000,36000,396000,N,세금계산서,ASP발급,청구
T0493,2024-12-30,2024,2024-12,C07,경상남도 창원시,,,100000,180000,18000,198000,N,세금계산서,ASP발급,청구
T0494,2024-12-30,2024,2024-12,C07,경상남도 창원시,,,-200000,-360000,-36000,-396000,Y,수정세금계산서,ASP발급,청구
T0495,2024-12-30,2024,2024-12,C07,경상남도 창원시,,,200000,400000,40000,440000,Y,수정세금계산서,ASP발급,청구
T0496,2024-12-30,2024,2024-12,C33,경상남도 밀양시,-27380,335,-9172300,-9172300,-917230,-10089530,Y,수정세금계산서,ASP발급,청구
T0497,2024-12-31,2024,2024-12,C05,경기도 평택시,707250,395,279363750,279363750,27936375,307300125,N,세금계산서,ASP발급,청구
T0498,2024-12-31,2024,2024-12,C20,인천광역시 중구,,,28020000,28020000,2802000,30822000,N,세금계산서,ASP발급,청구
T0499,2024-12-31,2024,2024-12,C04,부산광역시 수영구,1900000,346,657400000,657400000,65740000,723140000,N,세금계산서,ASP발급,청구
T0500,2024-12-31,2024,2024-12,C04,부산광역시 수영구,11704625,9,103000700,103000700,10300070,113300770,N,세금계산서,ASP발급,청구
T0501,2024-12-31,2024,2024-12,C06,충청남도 천안시,6650,335,2227750,391726870,39172687,430899557,N,세금계산서,ASP발급,청구
T0502,2024-12-31,2024,2024-12,C02,경상남도 김해시,1869490,340,635626600,635626600,63562660,699189260,N,세금계산서,ASP발급,청구
T0503,2024-12-31,2024,2024-12,C13,서울특별시 강남구,148900,364,54199600,54199600,5419960,59619560,N,세금계산서,ASP발급,청구
T0504,2024-12-31,2024,2024-12,C21,서울특별시 은평구,84990,379,32211210,32211210,3221121,35432331,N,세금계산서,ASP발급,청구
T0505,2024-12-31,2024,2024-12,C01,경상북도 안동시,1474830,332,489643560,498368520,49836852,548205372,N,세금계산서,ASP발급,청구
T0506,2024-12-31,2024,2024-12,C01,경상북도 안동시,27680,370,10241600,10241600,1024160,11265760,N,세금계산서,ASP발급,청구
T0507,2024-12-31,2024,2024-12,C08,경기도 용인시,185010,355,65678550,70207350,7020735,77228085,N,세금계산서,ASP발급,청구
T0508,2024-12-31,2024,2024-12,C03,서울특별시 송파구,76840,365,28046600,241304156,24130415,265434571,N,세금계산서,ASP발급,청구
T0509,2024-12-31,2024,2024-12,C03,서울특별시 송파구,132890,375,49833750,76930950,7693095,84624045,N,세금계산서,ASP발급,청구
T0510,2024-12-31,2024,2024-12,C03,서울특별시 송파구,103230,17,1754910,3874110,387411,4261521,N,세금계산서,ASP발급,청구
T0511,2024-12-31,2024,2024-12,C03,서울특별시 송파구,,,109408,932842,93283,1026125,N,세금계산서,ASP발급,청구
T0512,2024-12-31,2024,2024-12,C03,서울특별시 송파구,-103230,17,-1754910,-3874110,-387411,-4261521,Y,수정세금계산서,ASP발급,청구
T0513,2024-12-31,2024,2024-12,C03,서울특별시 송파구,103230,17,1754910,3874110,387411,4261521,Y,수정세금계산서,ASP발급,청구
T0514,2024-12-31,2024,2024-12,C31,서울특별시 송파구,5700,360,2052000,2052000,205200,2257200,N,세금계산서,ASP발급,청구
T0515,2024-12-31,2024,2024-12,C16,경기도 하남시,6160,385,2371600,2371600,237160,2608760,N,세금계산서,ASP발급,청구
T0516,2024-12-31,2024,2024-12,C15,경기도 용인시,52040,365,18994600,85038600,8503860,93542460,N,세금계산서,ASP발급,청구
T0517,2024-12-31,2024,2024-12,C17,서울특별시 송파구,104780,360,37720800,37720800,3772080,41492880,N,세금계산서,ASP발급,청구
T0518,2024-12-31,2024,2024-12,C30,부산광역시 중구,8,100000,800000,2291534,229153,2520687,N,세금계산서,ASP발급,청구
T0519,2024-12-31,2024,2024-12,C17,서울특별시 송파구,-104780,360,-37720800,-37720800,-3772080,-41492880,Y,수정세금계산서,ASP발급,청구
T0520,2024-12-31,2024,2024-12,C17,서울특별시 송파구,104780,370,38768600,38768600,3876860,42645460,Y,수정세금계산서,ASP발급,청구
T0521,2024-12-31,2024,2024-12,C15,경기도 용인시,-52040,365,-18994600,-85038600,-8503860,-93542460,Y,수정세금계산서,ASP발급,청구
T0522,2024-12-31,2024,2024-12,C15,경기도 용인시,52040,360,18734400,83040400,8304040,91344440,Y,수정세금계산서,ASP발급,청구
T0523,2024-12-31,2024,2024-12,C01,경상북도 안동시,1000000,370,370000000,370000000,37000000,407000000,N,세금계산서,ASP발급,청구
T0524,2024-12-31,2024,2024-12,C01,경상북도 안동시,822000,280,230160000,230160000,23016000,253176000,N,세금계산서,ASP발급,청구
T0525,2025-01-02,2025,2025-01,C28,경상남도 창녕군,,,200000,400000,40000,440000,N,세금계산서,인터넷발급,청구
T0526,2025-01-02,2025,2025-01,C28,경상남도 창녕군,,,200000,360000,36000,396000,N,세금계산서,인터넷발급,청구
T0527,2025-01-02,2025,2025-01,C18,대구광역시 달서구,,,100000,140000,14000,154000,N,세금계산서,인터넷발급,청구
T0528,2025-01-02,2025,2025-01,C18,대구광역시 달서구,,,200000,320000,32000,352000,N,세금계산서,인터넷발급,청구
T0529,2025-01-02,2025,2025-01,C33,경상남도 밀양시,27380,335,9172300,9172300,917230,10089530,N,세금계산서,ASP발급,청구
T0530,2025-01-02,2025,2025-01,C39,경상남도 창원시,,,1000000,1000000,100000,1100000,N,세금계산서,ASP발급,청구
T0531,2025-01-09,2025,2025-01,C28,경상남도 창녕군,,,200000,300000,30000,330000,N,세금계산서,인터넷발급,청구
T0532,2025-01-10,2025,2025-01,C06,충청남도 천안시,99670,354,35283180,35283180,3528318,38811498,N,세금계산서,ASP발급,청구
T0533,2025-01-17,2025,2025-01,C04,부산광역시 수영구,,,1000000,1000000,100000,1100000,N,세금계산서,ASP발급,청구
T0534,2025-01-17,2025,2025-01,C11,서울특별시 중구,500000,385,192500000,192500000,19250000,211750000,N,세금계산서,ASP발급,청구
T0535,2025-01-20,2025,2025-01,C33,경상남도 밀양시,26670,345,9201150,9201150,920115,10121265,N,세금계산서,ASP발급,청구
T0536,2025-01-31,2025,2025-01,C05,경기도 평택시,635120,410,260399200,260399200,26039920,286439120,N,세금계산서,ASP발급,청구
T0537,2025-01-31,2025,2025-01,C02,경상남도 김해시,1618690,340,550354600,550354600,55035460,605390060,N,세금계산서,ASP발급,청구
T0538,2025-01-31,2025,2025-01,C18,대구광역시 달서구,105290,375,39483750,39483750,3948375,43432125,N,세금계산서,ASP발급,청구
T0539,2025-01-31,2025,2025-01,C13,서울특별시 강남구,150110,379,56891690,56891690,5689169,62580859,N,세금계산서,ASP발급,청구
T0540,2025-01-31,2025,2025-01,C04,부산광역시 수영구,5599084,9,49271939,49271939,4927193,54199132,N,세금계산서,ASP발급,청구
T0541,2025-01-31,2025,2025-01,C20,인천광역시 중구,,,21480000,21480000,2148000,23628000,N,세금계산서,ASP발급,청구
T0542,2025-01-31,2025,2025-01,C21,서울특별시 은평구,147000,380,55860000,55860000,5586000,61446000,N,세금계산서,ASP발급,청구
T0543,2025-01-31,2025,2025-01,C43,경기도 성남시,13250,385,5101250,5101250,510125,5611375,N,세금계산서,ASP발급,청구
T0544,2025-01-31,2025,2025-01,C01,경상북도 안동시,240830,370,89107100,89107100,8910710,98017810,N,세금계산서,ASP발급,청구
T0545,2025-01-31,2025,2025-01,C07,경상남도 창원시,,,200000,360000,36000,396000,N,세금계산서,ASP발급,청구
T0546,2025-01-31,2025,2025-01,C25,인천광역시 중구,8,50000,400000,400000,40000,440000,N,세금계산서,ASP발급,청구
T0547,2025-01-31,2025,2025-01,C16,경기도 하남시,60230,385,23188550,54013250,5401325,59414575,N,세금계산서,ASP발급,청구
T0548,2025-01-31,2025,2025-01,C21,서울특별시 은평구,-147000,380,-55860000,-55860000,-5586000,-61446000,Y,수정세금계산서,ASP발급,청구
T0549,2025-01-31,2025,2025-01,C21,서울특별시 은평구,147000,379,55713000,55713000,5571300,61284300,Y,수정세금계산서,ASP발급,청구
T0550,2025-01-31,2025,2025-01,C38,경기도 성남시,26190,380,9952200,9952200,995220,10947420,N,세금계산서,ASP발급,청구
T0551,2025-01-31,2025,2025-01,C30,부산광역시 중구,48544,17,825248,3729835,372982,4102817,N,세금계산서,ASP발급,청구
T0552,2025-01-31,2025,2025-01,C08,경기도 용인시,157840,360,56822400,61644600,6164460,67809060,N,세금계산서,ASP발급,청구
T0553,2025-01-31,2025,2025-01,C08,경기도 용인시,20,20000,400000,900000,90000,990000,N,세금계산서,ASP발급,청구
T0554,2025-01-31,2025,2025-01,C03,서울특별시 송파구,,,86953,444913,44491,489404,N,세금계산서,ASP발급,청구
T0555,2025-01-31,2025,2025-01,C03,서울특별시 송파구,36360,17,618120,2613720,261372,2875092,N,세금계산서,ASP발급,청구
T0556,2025-01-31,2025,2025-01,C03,서울특별시 송파구,312080,17,5305360,5305360,530536,5835896,N,세금계산서,ASP발급,청구
T0557,2025-01-31,2025,2025-01,C03,서울특별시 송파구,165520,375,62070000,80167200,8016720,88183920,N,세금계산서,ASP발급,청구
T0558,2025-01-31,2025,2025-01,C03,서울특별시 송파구,72880,365,26601200,164801200,16480120,181281320,N,세금계산서,ASP발급,청구
T0559,2025-01-31,2025,2025-01,C03,서울특별시 송파구,900000,370,333000000,333000000,33300000,366300000,N,세금계산서,ASP발급,청구
T0560,2025-01-31,2025,2025-01,C03,서울특별시 송파구,500000,370,185000000,185000000,18500000,203500000,N,세금계산서,ASP발급,청구
T0561,2025-01-31,2025,2025-01,C03,서울특별시 송파구,-36360,17,-618120,-2613720,-261372,-2875092,Y,수정세금계산서,ASP발급,청구
T0562,2025-01-31,2025,2025-01,C03,서울특별시 송파구,36360,17,618120,2577720,257772,2835492,Y,수정세금계산서,ASP발급,청구
T0563,2025-01-31,2025,2025-01,C01,경상북도 안동시,26170,370,9682900,9682900,968290,10651190,N,세금계산서,ASP발급,청구
T0564,2025-01-31,2025,2025-01,C15,경기도 용인시,25700,370,9509000,29375400,2937540,32312940,N,세금계산서,ASP발급,청구
T0565,2025-02-03,2025,2025-02,C28,경상남도 창녕군,,,200000,360000,36000,396000,N,세금계산서,인터넷발급,청구
T0566,2025-02-05,2025,2025-02,C39,경상남도 창원시,,,1000000,1000000,100000,1100000,N,세금계산서,ASP발급,청구
T0567,2025-02-06,2025,2025-02,C18,대구광역시 달서구,4,20000,80000,180000,18000,198000,N,세금계산서,인터넷발급,청구
T0568,2025-02-07,2025,2025-02,C28,경상남도 창녕군,5,20000,100000,200000,20000,220000,N,세금계산서,인터넷발급,청구
T0569,2025-02-07,2025,2025-02,C28,경상남도 창녕군,10,20000,200000,400000,40000,440000,N,세금계산서,인터넷발급,청구
T0570,2025-02-10,2025,2025-02,C28,경상남도 창녕군,8,20000,160000,360000,36000,396000,N,세금계산서,인터넷발급,청구
T0571,2025-02-10,2025,2025-02,C28,경상남도 창녕군,8,20000,160000,360000,36000,396000,N,세금계산서,인터넷발급,청구
T0572,2025-02-12,2025,2025-02,C18,대구광역시 달서구,6,20000,120000,320000,32000,352000,N,세금계산서,인터넷발급,청구
T0573,2025-02-17,2025,2025-02,C18,대구광역시 달서구,4,20000,80000,180000,18000,198000,N,세금계산서,인터넷발급,청구
T0574,2025-02-20,2025,2025-02,C18,대구광역시 달서구,4,20000,80000,180000,18000,198000,N,세금계산서,인터넷발급,청구
T0575,2025-02-20,2025,2025-02,C04,부산광역시 수영구,,,1000000,1000000,100000,1100000,N,세금계산서,ASP발급,청구
T0576,2025-02-25,2025,2025-02,C28,경상남도 창녕군,5,20000,100000,300000,30000,330000,N,세금계산서,인터넷발급,청구
T0577,2025-02-27,2025,2025-02,C18,대구광역시 달서구,51760,375,19410000,19410000,1941000,21351000,N,세금계산서,ASP발급,청구
T0578,2025-02-28,2025,2025-02,C38,경기도 성남시,24140,380,9173200,9173200,917320,10090520,N,세금계산서,ASP발급,청구
T0579,2025-02-28,2025,2025-02,C13,서울특별시 강남구,148800,379,56395200,56395200,5639520,62034720,N,세금계산서,ASP발급,청구
T0580,2025-02-28,2025,2025-02,C07,경상남도 창원시,5,20000,100000,200000,20000,220000,N,세금계산서,ASP발급,청구
T0581,2025-02-28,2025,2025-02,C07,경상남도 창원시,5,20000,100000,200000,20000,220000,N,세금계산서,ASP발급,청구
T0582,2025-02-28,2025,2025-02,C07,경상남도 창원시,1,20000,20000,20000,2000,22000,N,세금계산서,ASP발급,청구
T0583,2025-02-28,2025,2025-02,C07,경상남도 창원시,5,20000,100000,200000,20000,220000,N,세금계산서,ASP발급,청구
T0584,2025-02-28,2025,2025-02,C05,경기도 평택시,659340,410,270329400,270329400,27032940,297362340,N,세금계산서,ASP발급,청구
T0585,2025-02-28,2025,2025-02,C02,경상남도 김해시,1643640,375,616365000,616365000,61636500,678001500,N,세금계산서,ASP발급,청구
T0586,2025-02-28,2025,2025-02,C07,경상남도 창원시,83680,379,31714720,31714720,3171472,34886192,N,세금계산서,ASP발급,청구
T0587,2025-02-28,2025,2025-02,C04,부산광역시 수영구,4979666,9,44816994,44816994,4481699,49298693,N,세금계산서,ASP발급,청구
T0588,2025-02-28,2025,2025-02,C20,인천광역시 중구,,,23780000,23780000,2378000,26158000,N,세금계산서,ASP발급,청구
T0589,2025-02-28,2025,2025-02,C48,부산광역시 중구,101919,29,2955651,3888610,388861,4277471,N,세금계산서,ASP발급,청구
T0590,2025-02-28,2025,2025-02,C08,경기도 용인시,157770,360,56797200,67475200,6747520,74222720,N,세금계산서,ASP발급,청구
T0591,2025-02-28,2025,2025-02,C01,경상북도 안동시,24310,370,8994700,579789900,57978990,637768890,N,세금계산서,ASP발급,청구
T0592,2025-02-28,2025,2025-02,C01,경상북도 안동시,53010,370,19613700,19613700,1961370,21575070,N,세금계산서,ASP발급,청구
T0593,2025-02-28,2025,2025-02,C21,서울특별시 은평구,88710,409,36282390,36282390,3628239,39910629,N,세금계산서,ASP발급,청구
T0594,2025-02-28,2025,2025-02,C30,부산광역시 중구,4,100000,400000,400000,40000,440000,N,세금계산서,ASP발급,청구
T0595,2025-02-28,2025,2025-02,C15,경기도 용인시,53680,365,19593200,77528000,7752800,85280800,N,세금계산서,ASP발급,청구
T0596,2025-02-28,2025,2025-02,C03,서울특별시 송파구,217810,,83459450,139920850,13992085,153912935,N,세금계산서,ASP발급,청구
T0597,2025-02-28,2025,2025-02,C03,서울특별시 송파구,744340,,12770580,12770580,1277058,14047638,N,세금계산서,ASP발급,청구
T0598,2025-02-28,2025,2025-02,C03,서울특별시 송파구,,,383026,383026,38302,421328,N,세금계산서,ASP발급,청구
T0599,2025-02-28,2025,2025-02,C03,서울특별시 송파구,,,2962636,2962636,296263,3258899,N,세금계산서,ASP발급,청구
T0600,2025-02-28,2025,2025-02,C03,서울특별시 송파구,50000,350,17500000,284500000,28450000,312950000,N,세금계산서,ASP발급,청구
T0601,2025-02-28,2025,2025-02,C03,서울특별시 송파구,500000,370,185000000,185000000,18500000,203500000,N,세금계산서,ASP발급,청구
T0602,2025-02-28,2025,2025-02,C17,서울특별시 송파구,54310,385,20909350,31128750,3112875,34241625,N,세금계산서,ASP발급,청구
T0603,2025-02-28,2025,2025-02,C16,경기도 하남시,54310,385,20909350,31128750,3112875,34241625,N,세금계산서,ASP발급,청구
T0604,2025-02-28,2025,2025-02,C17,서울특별시 송파구,-54310,385,-20909350,-31128750,-3112875,-34241625,Y,수정세금계산서,ASP발급,청구
T0605,2025-02-28,2025,2025-02,C17,서울특별시 송파구,52470,370,19413900,19413900,1941390,21355290,Y,수정세금계산서,ASP발급,청구
T0606,2025-03-07,2025,2025-03,C39,경상남도 창원시,,,1000000,1000000,100000,1100000,N,세금계산서,ASP발급,청구
T0607,2025-03-11,2025,2025-03,C18,대구광역시 달서구,1,20000,20000,120000,12000,132000,N,세금계산서,인터넷발급,청구
T0608,2025-03-13,2025,2025-03,C18,대구광역시 달서구,5,20000,100000,200000,20000,220000,N,세금계산서,인터넷발급,청구
T0609,2025-03-20,2025,2025-03,C28,경상남도 창녕군,10,20000,200000,400000,40000,440000,N,세금계산서,인터넷발급,청구
T0610,2025-03-20,2025,2025-03,C28,경상남도 창녕군,5,20000,100000,200000,20000,220000,N,세금계산서,인터넷발급,청구
T0611,2025-03-20,2025,2025-03,C28,경상남도 창녕군,4,20000,80000,180000,18000,198000,N,세금계산서,인터넷발급,청구
T0612,2025-03-20,2025,2025-03,C18,대구광역시 달서구,6,20000,120000,320000,32000,352000,N,세금계산서,인터넷발급,청구
T0613,2025-03-21,2025,2025-03,C28,경상남도 창녕군,6,20000,120000,320000,32000,352000,N,세금계산서,인터넷발급,청구
T0614,2025-03-21,2025,2025-03,C18,대구광역시 달서구,4,20000,80000,180000,18000,198000,N,세금계산서,인터넷발급,청구
T0615,2025-03-25,2025,2025-03,C04,부산광역시 수영구,,,1000000,1000000,100000,1100000,N,세금계산서,ASP발급,청구
T0616,2025-03-27,2025,2025-03,C18,대구광역시 달서구,8,20000,160000,360000,36000,396000,N,세금계산서,인터넷발급,청구
T0617,2025-03-27,2025,2025-03,C28,경상남도 창녕군,5,20000,100000,300000,30000,330000,N,세금계산서,인터넷발급,청구
T0618,2025-03-27,2025,2025-03,C28,경상남도 창녕군,4,20000,80000,180000,18000,198000,N,세금계산서,인터넷발급,청구
T0619,2025-03-27,2025,2025-03,C18,대구광역시 달서구,4,20000,80000,180000,18000,198000,N,세금계산서,인터넷발급,청구
T0620,2025-03-27,2025,2025-03,C28,경상남도 창녕군,8,20000,160000,360000,36000,396000,N,세금계산서,인터넷발급,청구
T0621,2025-03-27,2025,2025-03,C04,부산광역시 수영구,4000000,360,1440000000,1440000000,144000000,1584000000,N,세금계산서,ASP발급,청구
T0622,2025-03-28,2025,2025-03,C18,대구광역시 달서구,6,20000,120000,320000,32000,352000,N,세금계산서,인터넷발급,청구
T0623,2025-03-28,2025,2025-03,C18,대구광역시 달서구,2,20000,40000,140000,14000,154000,N,세금계산서,인터넷발급,청구
T0624,2025-03-31,2025,2025-03,C18,대구광역시 달서구,79000,375,29625000,29625000,2962500,32587500,N,세금계산서,ASP발급,청구
T0625,2025-03-31,2025,2025-03,C07,경상남도 창원시,,,200000,320000,32000,352000,N,세금계산서,ASP발급,청구
T0626,2025-03-31,2025,2025-03,C07,경상남도 창원시,,,200000,320000,32000,352000,N,세금계산서,ASP발급,청구
T0627,2025-03-31,2025,2025-03,C07,경상남도 창원시,,,100000,160000,16000,176000,N,세금계산서,ASP발급,청구
T0628,2025-03-31,2025,2025-03,C07,경상남도 창원시,,,100000,180000,18000,198000,N,세금계산서,ASP발급,청구
T0629,2025-03-31,2025,2025-03,C05,경기도 평택시,329480,410,135086800,135086800,13508680,148595480,N,세금계산서,ASP발급,청구
T0630,2025-03-31,2025,2025-03,C15,경기도 용인시,168120,380,63885600,73729650,7372965,81102615,N,세금계산서,ASP발급,청구
T0631,2025-03-31,2025,2025-03,C02,경상남도 김해시,1634570,375,612963750,612963750,61296375,674260125,N,세금계산서,ASP발급,청구
T0632,2025-03-31,2025,2025-03,C13,서울특별시 강남구,182960,384,70256640,70256640,7025664,77282304,N,세금계산서,ASP발급,청구
T0633,2025-03-31,2025,2025-03,C07,경상남도 창원시,86610,379,32825190,32825190,3282519,36107709,N,세금계산서,ASP발급,청구
T0634,2025-03-31,2025,2025-03,C39,경상남도 창원시,,,1000000,1000000,100000,1100000,N,세금계산서,ASP발급,청구
T0635,2025-03-31,2025,2025-03,C39,경상남도 창원시,,,-1000000,-1000000,-100000,-1100000,Y,수정세금계산서,ASP발급,청구
T0636,2025-03-31,2025,2025-03,C03,서울특별시 송파구,190610,,71978750,126518775,12651877,139170652,N,세금계산서,ASP발급,청구
T0637,2025-03-31,2025,2025-03,C03,서울특별시 송파구,250000,370,92500000,92500000,9250000,101750000,N,세금계산서,ASP발급,청구
T0638,2025-03-31,2025,2025-03,C20,인천광역시 중구,,,24710000,24710000,2471000,27181000,N,세금계산서,ASP발급,청구
T0639,2025-03-31,2025,2025-03,C03,서울특별시 송파구,,,1626460,1626460,162646,1789106,N,세금계산서,ASP발급,청구
T0640,2025-03-31,2025,2025-03,C03,서울특별시 송파구,39300,17,668100,2735652,273565,3009217,N,세금계산서,ASP발급,청구
T0641,2025-03-31,2025,2025-03,C01,경상북도 안동시,1428100,370,528397000,528397000,52839700,581236700,N,세금계산서,ASP발급,청구
T0642,2025-03-31,2025,2025-03,C01,경상북도 안동시,25990,370,9616300,13176300,1317630,14493930,N,세금계산서,ASP발급,청구
T0643,2025-03-31,2025,2025-03,C04,부산광역시 수영구,9284906,9,83564154,83564154,8356415,91920569,N,세금계산서,ASP발급,청구
T0644,2025-03-31,2025,2025-03,C29,서울특별시 금천구,246660,15,3699900,3699900,369990,4069890,N,세금계산서,ASP발급,청구
T0645,2025-03-31,2025,2025-03,C21,서울특별시 은평구,116260,409,47550340,47550340,4755034,52305374,N,세금계산서,ASP발급,청구
T0646,2025-03-31,2025,2025-03,C08,경기도 용인시,214110,360,77079600,92469600,9246960,101716560,N,세금계산서,ASP발급,청구
T0647,2025-03-31,2025,2025-03,C30,부산광역시 중구,5,100000,500000,4375626,437562,4813188,N,세금계산서,ASP발급,청구
T0648,2025-03-31,2025,2025-03,C17,서울특별시 송파구,79750,370,29507500,29507500,2950750,32458250,N,세금계산서,ASP발급,청구
T0649,2025-03-31,2025,2025-03,C16,경기도 하남시,31000,385,11935000,32151800,3215180,35366980,N,세금계산서,ASP발급,청구
T0650,2025-04-01,2025,2025-04,C28,경상남도 창녕군,8,20000,160000,360000,36000,396000,N,세금계산서,인터넷발급,청구
T0651,2025-04-01,2025,2025-04,C39,경상남도 창원시,,,1000000,1000000,100000,1100000,Y,수정세금계산서,ASP발급,청구
T0652,2025-04-01,2025,2025-04,C11,서울특별시 중구,500000,395,197500000,197500000,19750000,217250000,N,세금계산서,ASP발급,청구
T0653,2025-04-02,2025,2025-04,C28,경상남도 창녕군,8,20000,160000,360000,36000,396000,N,세금계산서,인터넷발급,청구
T0654,2025-04-08,2025,2025-04,C18,대구광역시 달서구,3,20000,60000,160000,16000,176000,N,세금계산서,인터넷발급,청구
T0655,2025-04-11,2025,2025-04,C18,대구광역시 달서구,4,20000,80000,180000,18000,198000,N,세금계산서,인터넷발급,청구
T0656,2025-04-11,2025,2025-04,C18,대구광역시 달서구,2,20000,40000,140000,14000,154000,N,세금계산서,인터넷발급,청구
T0657,2025-04-11,2025,2025-04,C18,대구광역시 달서구,1,20000,20000,120000,12000,132000,N,세금계산서,인터넷발급,청구
T0658,2025-04-14,2025,2025-04,C28,경상남도 창녕군,6,20000,120000,320000,32000,352000,N,세금계산서,인터넷발급,청구
T0659,2025-04-14,2025,2025-04,C28,경상남도 창녕군,6,20000,120000,320000,32000,352000,N,세금계산서,인터넷발급,청구
T0660,2025-04-15,2025,2025-04,C18,대구광역시 달서구,5,20000,100000,200000,20000,220000,N,세금계산서,인터넷발급,청구
T0661,2025-04-15,2025,2025-04,C04,부산광역시 수영구,,,1000000,1000000,100000,1100000,N,세금계산서,ASP발급,청구
T0662,2025-04-17,2025,2025-04,C18,대구광역시 달서구,5,20000,100000,200000,20000,220000,N,세금계산서,인터넷발급,청구
T0663,2025-04-21,2025,2025-04,C28,경상남도 창녕군,10,20000,200000,400000,40000,440000,N,세금계산서,인터넷발급,청구
T0664,2025-04-21,2025,2025-04,C18,대구광역시 달서구,1,20000,20000,120000,12000,132000,N,세금계산서,인터넷발급,청구
T0665,2025-04-21,2025,2025-04,C18,대구광역시 달서구,5,20000,100000,200000,20000,220000,N,세금계산서,인터넷발급,청구
T0666,2025-04-22,2025,2025-04,C18,대구광역시 달서구,1,20000,20000,120000,12000,132000,N,세금계산서,인터넷발급,청구
T0667,2025-04-22,2025,2025-04,C18,대구광역시 달서구,2,20000,40000,140000,14000,154000,N,세금계산서,인터넷발급,청구
T0668,2025-04-23,2025,2025-04,C18,대구광역시 달서구,4,20000,80000,180000,18000,198000,N,세금계산서,인터넷발급,청구
T0669,2025-04-25,2025,2025-04,C18,대구광역시 달서구,1,20000,20000,120000,12000,132000,N,세금계산서,인터넷발급,청구
T0670,2025-04-28,2025,2025-04,C28,경상남도 창녕군,6,20000,120000,320000,32000,352000,N,세금계산서,인터넷발급,청구
T0671,2025-04-29,2025,2025-04,C18,대구광역시 달서구,4,20000,80000,180000,18000,198000,N,세금계산서,인터넷발급,청구
T0672,2025-04-29,2025,2025-04,C28,경상남도 창녕군,8,20000,160000,360000,36000,396000,N,세금계산서,인터넷발급,청구
T0673,2025-04-29,2025,2025-04,C20,인천광역시 중구,,,20690000,20690000,2069000,22759000,N,세금계산서,ASP발급,청구
T0674,2025-04-29,2025,2025-04,C18,대구광역시 달서구,105800,350,37030000,37030000,3703000,40733000,N,세금계산서,ASP발급,청구
T0675,2025-04-30,2025,2025-04,C18,대구광역시 달서구,5,20000,100000,300000,30000,330000,N,세금계산서,인터넷발급,청구
T0676,2025-04-30,2025,2025-04,C13,서울특별시 강남구,151570,384,58202880,58202880,5820288,64023168,N,세금계산서,ASP발급,청구
T0677,2025-04-30,2025,2025-04,C05,경기도 평택시,454960,410,186533600,186533600,18653360,205186960,N,세금계산서,ASP발급,청구
T0678,2025-04-30,2025,2025-04,C02,경상남도 김해시,1627970,375,610488750,610488750,61048875,671537625,N,세금계산서,ASP발급,청구
T0679,2025-04-30,2025,2025-04,C07,경상남도 창원시,108100,379,40969900,40969900,4096990,45066890,N,세금계산서,ASP발급,청구
T0680,2025-04-30,2025,2025-04,C03,서울특별시 송파구,500000,370,185000000,185000000,18500000,203500000,N,세금계산서,ASP발급,청구
T0681,2025-04-30,2025,2025-04,C01,경상북도 안동시,1880620,370,695829400,695829400,69582940,765412340,N,세금계산서,ASP발급,청구
T0682,2025-04-30,2025,2025-04,C01,경상북도 안동시,264760,275,72809000,72809000,7280900,80089900,N,세금계산서,ASP발급,청구
T0683,2025-04-30,2025,2025-04,C08,경기도 용인시,17,20000,340000,840000,84000,924000,N,세금계산서,ASP발급,청구
T0684,2025-04-30,2025,2025-04,C08,경기도 용인시,268380,360,96616800,105809000,10580900,116389900,N,세금계산서,ASP발급,청구
T0685,2025-04-30,2025,2025-04,C21,서울특별시 은평구,57455,409,23499095,23499095,2349909,25849004,N,세금계산서,ASP발급,청구
T0686,2025-04-30,2025,2025-04,C03,서울특별시 송파구,140470,375,52676250,150392900,15039290,165432190,N,세금계산서,ASP발급,청구
T0687,2025-04-30,2025,2025-04,C03,서울특별시 송파구,300000,375,112500000,222000000,22200000,244200000,N,세금계산서,ASP발급,청구
T0688,2025-04-30,2025,2025-04,C03,서울특별시 송파구,312120,17,5306040,5815340,581534,6396874,N,세금계산서,ASP발급,청구
T0689,2025-04-30,2025,2025-04,C03,서울특별시 송파구,38420,17,653140,1924300,192430,2116730,N,세금계산서,ASP발급,청구
T0690,2025-04-30,2025,2025-04,C03,서울특별시 송파구,,,2189669,2189669,218966,2408635,N,세금계산서,ASP발급,청구
T0691,2025-04-30,2025,2025-04,C15,경기도 용인시,160900,380,61142000,70843700,7084370,77928070,N,세금계산서,ASP발급,청구
T0692,2025-04-30,2025,2025-04,C17,서울특별시 송파구,79640,370,29466800,29466800,2946680,32413480,N,세금계산서,ASP발급,청구
T0693,2025-04-30,2025,2025-04,C01,경상북도 안동시,53220,370,19691400,19691400,1969140,21660540,N,세금계산서,ASP발급,청구
T0694,2025-04-30,2025,2025-04,C43,경기도 성남시,11830,385,4554550,4554550,455455,5010005,N,세금계산서,ASP발급,청구
T0695,2025-04-30,2025,2025-04,C16,경기도 하남시,93300,385,35920500,100892500,10089250,110981750,N,세금계산서,ASP발급,청구
T0696,2025-04-30,2025,2025-04,C17,서울특별시 송파구,57380,375,21517500,21517500,2151750,23669250,N,세금계산서,ASP발급,청구
T0697,2025-04-30,2025,2025-04,C30,부산광역시 중구,,,4475534,4475534,447553,4923087,N,세금계산서,ASP발급,청구
T0698,2025-04-30,2025,2025-04,C29,서울특별시 금천구,137480,,1361100,1361100,136110,1497210,N,세금계산서,ASP발급,청구
T0699,2025-04-30,2025,2025-04,C04,부산광역시 수영구,12163195,9,109468755,109468755,10946875,120415630,N,세금계산서,ASP발급,청구
T0700,2025-04-30,2025,2025-04,C26,경기도 성남시,78080,370,28889600,28889600,2888960,31778560,N,세금계산서,ASP발급,청구
T0701,2025-05-02,2025,2025-05,C18,대구광역시 달서구,3,20000,60000,160000,16000,176000,N,세금계산서,인터넷발급,청구
T0702,2025-05-02,2025,2025-05,C28,경상남도 창녕군,6,20000,120000,320000,32000,352000,N,세금계산서,인터넷발급,청구
T0703,2025-05-02,2025,2025-05,C09,전라북도 전주시,1000000,365,365000000,365000000,36500000,401500000,N,세금계산서,ASP발급,청구
T0704,2025-05-02,2025,2025-05,C39,경상남도 창원시,,,1000000,1000000,100000,1100000,N,세금계산서,ASP발급,청구
T0705,2025-05-07,2025,2025-05,C28,경상남도 창녕군,8,20000,160000,360000,36000,396000,N,세금계산서,인터넷발급,청구
T0706,2025-05-12,2025,2025-05,C18,대구광역시 달서구,5,20000,100000,200000,20000,220000,N,세금계산서,인터넷발급,청구
T0707,2025-05-12,2025,2025-05,C28,경상남도 창녕군,15,20000,300000,500000,50000,550000,N,세금계산서,인터넷발급,청구
T0708,2025-05-12,2025,2025-05,C18,대구광역시 달서구,6,20000,120000,320000,32000,352000,N,세금계산서,인터넷발급,청구
T0709,2025-05-12,2025,2025-05,C18,대구광역시 달서구,4,20000,80000,180000,18000,198000,N,세금계산서,인터넷발급,청구
T0710,2025-05-12,2025,2025-05,C18,대구광역시 달서구,1,20000,20000,120000,12000,132000,N,세금계산서,인터넷발급,청구
T0711,2025-05-13,2025,2025-05,C34,경기도 시흥시,250000,345,86250000,86250000,8625000,94875000,N,세금계산서,ASP발급,청구
T0712,2025-05-20,2025,2025-05,C04,부산광역시 수영구,,,1000000,1000000,100000,1100000,N,세금계산서,ASP발급,청구
T0713,2025-05-23,2025,2025-05,C28,경상남도 창녕군,4,20000,80000,180000,18000,198000,N,세금계산서,인터넷발급,청구
T0714,2025-05-23,2025,2025-05,C18,대구광역시 달서구,6,20000,120000,320000,32000,352000,N,세금계산서,인터넷발급,청구
T0715,2025-05-27,2025,2025-05,C13,서울특별시 강남구,122440,384,47016960,47016960,4701696,51718656,N,세금계산서,ASP발급,청구
T0716,2025-05-28,2025,2025-05,C47,서울특별시 영등포구,,,4080000,4080000,408000,4488000,N,세금계산서,ASP발급,청구
T0717,2025-05-30,2025,2025-05,C05,경기도 평택시,394650,410,161683500,161683500,16168350,177851850,N,세금계산서,인터넷발급,청구
T0718,2025-05-30,2025,2025-05,C07,경상남도 창원시,1,200000,200000,360000,36000,396000,N,세금계산서,인터넷발급,청구
T0719,2025-05-30,2025,2025-05,C07,경상남도 창원시,1,200000,200000,320000,32000,352000,N,세금계산서,인터넷발급,청구
T0720,2025-05-30,2025,2025-05,C18,대구광역시 달서구,107520,350,37632000,37632000,3763200,41395200,N,세금계산서,인터넷발급,청구
T0721,2025-05-30,2025,2025-05,C02,경상남도 김해시,1593490,375,597558750,597558750,59755875,657314625,N,세금계산서,인터넷발급,청구
T0722,2025-05-30,2025,2025-05,C20,인천광역시 중구,,,22970000,22970000,2297000,25267000,N,세금계산서,인터넷발급,청구
T0723,2025-05-30,2025,2025-05,C07,경상남도 창원시,58420,379,22141180,22141180,2214118,24355298,N,세금계산서,인터넷발급,청구
T0724,2025-05-30,2025,2025-05,C15,경기도 용인시,421650,380,160227000,170436050,17043605,187479655,N,세금계산서,인터넷발급,청구
T0725,2025-05-30,2025,2025-05,C16,경기도 하남시,55290,385,21286650,65845750,6584575,72430325,N,세금계산서,인터넷발급,청구
T0726,2025-05-30,2025,2025-05,C03,서울특별시 송파구,600000,370,222000000,222000000,22200000,244200000,N,세금계산서,인터넷발급,청구
T0727,2025-05-30,2025,2025-05,C03,서울특별시 송파구,96240,375,36090000,122265800,12226580,134492380,N,세금계산서,인터넷발급,청구
T0728,2025-05-30,2025,2025-05,C03,서울특별시 송파구,409385,375,153519375,153519375,15351937,168871312,N,세금계산서,인터넷발급,청구
T0729,2025-05-30,2025,2025-05,C29,서울특별시 금천구,144490,15,2167350,2167350,216735,2384085,N,세금계산서,인터넷발급,청구
T0730,2025-05-30,2025,2025-05,C17,서울특별시 송파구,104960,370,38835200,38835200,3883520,42718720,N,세금계산서,인터넷발급,청구
T0731,2025-05-30,2025,2025-05,C03,서울특별시 송파구,,,1425396,1541558,154155,1695713,N,세금계산서,인터넷발급,청구
T0732,2025-05-30,2025,2025-05,C03,서울특별시 송파구,120640,17,2050880,2050880,205088,2255968,N,세금계산서,인터넷발급,청구
T0733,2025-05-30,2025,2025-05,C03,서울특별시 송파구,36210,17,615570,2563890,256389,2820279,N,세금계산서,인터넷발급,청구
T0734,2025-05-30,2025,2025-05,C43,경기도 성남시,12470,385,4800950,4800950,480095,5281045,N,세금계산서,인터넷발급,청구
T0735,2025-05-30,2025,2025-05,C01,경상북도 안동시,26920,370,9960400,9960400,996040,10956440,N,세금계산서,인터넷발급,청구
T0736,2025-05-30,2025,2025-05,C01,경상북도 안동시,177710,275,48870250,788684330,78868433,867552763,N,세금계산서,인터넷발급,청구
T0737,2025-05-30,2025,2025-05,C17,서울특별시 송파구,106500,375,39937500,39937500,3993750,43931250,N,세금계산서,인터넷발급,청구
T0738,2025-05-30,2025,2025-05,C08,경기도 용인시,457360,360,164649600,184582350,18458235,203040585,N,세금계산서,인터넷발급,청구
T0739,2025-05-30,2025,2025-05,C26,경기도 성남시,28270,370,10459900,10459900,1045990,11505890,N,세금계산서,인터넷발급,청구
T0740,2025-05-30,2025,2025-05,C04,부산광역시 수영구,12821458,9,115393122,115393122,11539312,126932434,N,세금계산서,인터넷발급,청구
T0741,2025-05-30,2025,2025-05,C04,부산광역시 수영구,1589493,15,23842395,23842395,2384239,26226634,N,세금계산서,인터넷발급,청구
T0742,2025-05-30,2025,2025-05,C30,부산광역시 중구,,,4044693,4044693,404469,4449162,N,세금계산서,인터넷발급,청구
T0743,2025-06-02,2025,2025-06,C39,경상남도 창원시,,,1000000,1000000,100000,1100000,N,세금계산서,인터넷발급,청구
T0744,2025-06-09,2025,2025-06,C18,대구광역시 달서구,5,20000,100000,200000,20000,220000,N,세금계산서,인터넷발급,청구
T0745,2025-06-09,2025,2025-06,C28,경상남도 창녕군,10,20000,200000,400000,40000,440000,N,세금계산서,인터넷발급,청구
T0746,2025-06-12,2025,2025-06,C18,대구광역시 달서구,5,20000,100000,200000,20000,220000,N,세금계산서,인터넷발급,청구
T0747,2025-06-13,2025,2025-06,C18,대구광역시 달서구,6,20000,120000,320000,32000,352000,N,세금계산서,인터넷발급,청구
T0748,2025-06-16,2025,2025-06,C28,경상남도 창녕군,6,20000,120000,320000,32000,352000,N,세금계산서,인터넷발급,청구
T0749,2025-06-19,2025,2025-06,C18,대구광역시 달서구,6,20000,120000,320000,32000,352000,N,세금계산서,인터넷발급,청구
T0750,2025-06-19,2025,2025-06,C18,대구광역시 달서구,6,20000,120000,320000,32000,352000,N,세금계산서,인터넷발급,청구
T0751,2025-06-19,2025,2025-06,C04,부산광역시 수영구,,,1000000,1000000,100000,1100000,N,세금계산서,인터넷발급,청구
T0752,2025-06-20,2025,2025-06,C28,경상남도 창녕군,10,20000,200000,400000,40000,440000,N,세금계산서,인터넷발급,청구
T0753,2025-06-23,2025,2025-06,C07,경상남도 창원시,500000,359,179500000,179500000,17950000,197450000,N,세금계산서,인터넷발급,청구
T0754,2025-06-24,2025,2025-06,C18,대구광역시 달서구,4,20000,80000,180000,18000,198000,N,세금계산서,인터넷발급,청구
T0755,2025-06-25,2025,2025-06,C28,경상남도 창녕군,5,20000,100000,200000,20000,220000,N,세금계산서,인터넷발급,청구
T0756,2025-06-30,2025,2025-06,C18,대구광역시 달서구,107930,350,37775500,37775500,3777550,41553050,N,세금계산서,인터넷발급,청구
T0757,2025-06-30,2025,2025-06,C05,경기도 평택시,536600,410,220006000,220006000,22000600,242006600,N,세금계산서,인터넷발급,청구
T0758,2025-06-30,2025,2025-06,C13,서울특별시 강남구,148870,384,57166080,57166080,5716608,62882688,N,세금계산서,인터넷발급,청구
T0759,2025-06-30,2025,2025-06,C02,경상남도 김해시,1541650,375,578118750,578118750,57811875,635930625,N,세금계산서,인터넷발급,청구
T0760,2025-06-30,2025,2025-06,C07,경상남도 창원시,500000,354,177000000,177000000,17700000,194700000,N,세금계산서,인터넷발급,청구
T0761,2025-06-30,2025,2025-06,C07,경상남도 창원시,55570,379,21061030,21061030,2106103,23167133,N,세금계산서,인터넷발급,청구
T0762,2025-06-30,2025,2025-06,C20,인천광역시 중구,,,22680000,22680000,2268000,24948000,N,세금계산서,인터넷발급,청구
T0763,2025-06-30,2025,2025-06,C03,서울특별시 송파구,600000,370,222000000,222000000,22200000,244200000,N,세금계산서,인터넷발급,청구
T0764,2025-06-30,2025,2025-06,C01,경상북도 안동시,1771285,365,646519025,646519025,64651902,711170927,N,세금계산서,인터넷발급,청구
T0765,2025-06-30,2025,2025-06,C01,경상북도 안동시,264100,275,72627500,72627500,7262750,79890250,N,세금계산서,인터넷발급,청구
T0766,2025-06-30,2025,2025-06,C01,경상북도 안동시,34380,385,13236300,13236300,1323630,14559930,N,세금계산서,인터넷발급,청구
T0767,2025-06-30,2025,2025-06,C01,경상북도 안동시,466900,14,6536600,6536600,653660,7190260,N,세금계산서,인터넷발급,청구
T0768,2025-06-30,2025,2025-06,C01,경상북도 안동시,28060,395,11083700,11083700,1108370,12192070,N,세금계산서,인터넷발급,청구
T0769,2025-06-30,2025,2025-06,C01,경상북도 안동시,300000,365,109500000,109500000,10950000,120450000,N,세금계산서,인터넷발급,청구
T0770,2025-06-30,2025,2025-06,C17,서울특별시 송파구,137140,373,51153220,51153220,5115322,56268542,N,세금계산서,인터넷발급,청구
T0771,2025-06-30,2025,2025-06,C01,경상북도 안동시,-300000,365,-109500000,-109500000,-10950000,-120450000,Y,수정세금계산서,인터넷발급,청구
T0772,2025-06-30,2025,2025-06,C03,서울특별시 송파구,300000,365,109500000,109500000,10950000,120450000,Y,수정세금계산서,인터넷발급,청구
T0773,2025-06-30,2025,2025-06,C01,경상북도 안동시,-28060,395,-11083700,-11083700,-1108370,-12192070,Y,수정세금계산서,인터넷발급,청구
T0774,2025-06-30,2025,2025-06,C03,서울특별시 송파구,28060,395,11083700,11083700,1108370,12192070,Y,수정세금계산서,인터넷발급,청구
T0775,2025-06-30,2025,2025-06,C07,경상남도 창원시,-500000,354,-177000000,-177000000,-17700000,-194700000,Y,수정세금계산서,인터넷발급,청구
T0776,2025-06-30,2025,2025-06,C15,경기도 용인시,130650,390,50953500,61479500,6147950,67627450,N,세금계산서,인터넷발급,청구
T0777,2025-06-30,2025,2025-06,C16,경기도 하남시,149130,395,58906350,124351950,12435195,136787145,N,세금계산서,인터넷발급,청구
T0778,2025-06-30,2025,2025-06,C01,경상북도 안동시,52920,380,20109600,20109600,2010960,22120560,N,세금계산서,인터넷발급,청구
T0779,2025-06-30,2025,2025-06,C26,경기도 성남시,108410,370,40111700,40111700,4011170,44122870,N,세금계산서,인터넷발급,청구
T0780,2025-06-30,2025,2025-06,C04,부산광역시 수영구,486060,14,6804840,103795607,10379559,114175166,N,세금계산서,ASP발급,청구
T0781,2025-06-30,2025,2025-06,C08,경기도 용인시,379360,380,144156800,168761350,16876135,185637485,N,세금계산서,ASP발급,청구
T0782,2025-07-01,2025,2025-07,C39,경상남도 창원시,,,1000000,1000000,100000,1100000,N,세금계산서,인터넷발급,청구
T0783,2025-07-01,2025,2025-07,C07,경상남도 창원시,500000,354,177000000,177000000,17700000,194700000,Y,수정세금계산서,인터넷발급,청구
T0784,2025-07-03,2025,2025-07,C18,대구광역시 달서구,1,20000,20000,120000,12000,132000,N,세금계산서,인터넷발급,청구
T0785,2025-07-04,2025,2025-07,C11,서울특별시 중구,500000,380,190000000,190000000,19000000,209000000,N,세금계산서,ASP발급,청구
T0786,2025-07-07,2025,2025-07,C18,대구광역시 달서구,5,20000,100000,200000,20000,220000,N,세금계산서,인터넷발급,청구
T0787,2025-07-09,2025,2025-07,C28,경상남도 창녕군,6,20000,120000,320000,32000,352000,N,세금계산서,인터넷발급,청구
T0788,2025-07-21,2025,2025-07,C04,부산광역시 수영구,,,1000000,1000000,100000,1100000,N,세금계산서,ASP발급,청구
T0789,2025-07-21,2025,2025-07,C07,경상남도 창원시,200000,354,70800000,70800000,7080000,77880000,N,세금계산서,ASP발급,청구
T0790,2025-07-28,2025,2025-07,C28,경상남도 창녕군,6,20000,120000,320000,32000,352000,N,세금계산서,인터넷발급,청구
T0791,2025-07-28,2025,2025-07,C18,대구광역시 달서구,4,20000,80000,180000,18000,198000,N,세금계산서,인터넷발급,청구
T0792,2025-07-30,2025,2025-07,C18,대구광역시 달서구,4,20000,80000,180000,18000,198000,N,세금계산서,인터넷발급,청구
T0793,2025-07-30,2025,2025-07,C18,대구광역시 달서구,4,20000,80000,180000,18000,198000,N,세금계산서,인터넷발급,청구
T0794,2025-07-30,2025,2025-07,C18,대구광역시 달서구,2,20000,40000,140000,14000,154000,N,세금계산서,인터넷발급,청구
T0795,2025-07-31,2025,2025-07,C05,경기도 평택시,340870,410,139756700,139756700,13975670,153732370,N,세금계산서,ASP발급,청구
T0796,2025-07-31,2025,2025-07,C20,인천광역시 중구,,,24320000,24320000,2432000,26752000,N,세금계산서,ASP발급,청구
T0797,2025-07-31,2025,2025-07,C07,경상남도 창원시,5,20000,100000,100000,10000,110000,N,세금계산서,ASP발급,청구
T0798,2025-07-31,2025,2025-07,C07,경상남도 창원시,10,20000,200000,200000,20000,220000,N,세금계산서,ASP발급,청구
T0799,2025-07-31,2025,2025-07,C07,경상남도 창원시,5,20000,100000,100000,10000,110000,N,세금계산서,ASP발급,청구
T0800,2025-07-31,2025,2025-07,C07,경상남도 창원시,-10,20000,-200000,-200000,-20000,-220000,Y,수정세금계산서,ASP발급,청구
T0801,2025-07-31,2025,2025-07,C07,경상남도 창원시,6,20000,120000,320000,32000,352000,Y,수정세금계산서,ASP발급,청구
T0802,2025-07-31,2025,2025-07,C13,서울특별시 강남구,146830,372,54620760,54620760,5462076,60082836,N,세금계산서,ASP발급,청구
T0803,2025-07-31,2025,2025-07,C18,대구광역시 달서구,74240,350,25984000,25984000,2598400,28582400,N,세금계산서,ASP발급,청구
T0804,2025-07-31,2025,2025-07,C04,부산광역시 수영구,4089851,14,57257914,130924895,13092488,144017383,N,세금계산서,ASP발급,청구
T0805,2025-07-31,2025,2025-07,C01,경상북도 안동시,697940,14,9771160,9771160,977116,10748276,N,세금계산서,ASP발급,청구
T0806,2025-07-31,2025,2025-07,C03,서울특별시 송파구,316040,370,116934800,116934800,11693480,128628280,N,세금계산서,ASP발급,청구
T0807,2025-07-31,2025,2025-07,C15,경기도 용인시,307960,390,120104400,130740600,13074060,143814660,N,세금계산서,ASP발급,청구
T0808,2025-07-31,2025,2025-07,C07,경상남도 창원시,59270,379,22463330,22463330,2246333,24709663,N,세금계산서,ASP발급,청구
T0809,2025-07-31,2025,2025-07,C08,경기도 용인시,346520,380,131677600,141659250,14165925,155825175,N,세금계산서,ASP발급,청구
T0810,2025-07-31,2025,2025-07,C03,서울특별시 송파구,316040,358,113142320,189306820,18930682,208237502,N,세금계산서,ASP발급,청구
T0811,2025-07-31,2025,2025-07,C03,서울특별시 송파구,32710,395,12920450,12920450,1292045,14212495,N,세금계산서,ASP발급,청구
T0812,2025-07-31,2025,2025-07,C17,서울특별시 송파구,56920,370,21060400,21060400,2106040,23166440,N,세금계산서,ASP발급,청구
T0813,2025-07-31,2025,2025-07,C01,경상북도 안동시,1837968,350,643288800,828981300,82898130,911879430,N,세금계산서,ASP발급,청구
T0814,2025-07-31,2025,2025-07,C01,경상북도 안동시,53530,290,15523700,15523700,1552370,17076070,N,세금계산서,ASP발급,청구
T0815,2025-07-31,2025,2025-07,C01,경상북도 안동시,26560,380,10092800,10092800,1009280,11102080,N,세금계산서,ASP발급,청구
T0816,2025-07-31,2025,2025-07,C16,경기도 하남시,159860,395,63144700,125838900,12583890,138422790,N,세금계산서,ASP발급,청구
T0817,2025-08-01,2025,2025-08,C39,경상남도 창원시,,,1000000,1000000,100000,1100000,N,세금계산서,ASP발급,청구
T0818,2025-08-06,2025,2025-08,C12,경기도 용인시,300000,298,89400000,89400000,8940000,98340000,N,세금계산서,ASP발급,청구
T0819,2025-08-07,2025,2025-08,C28,경상남도 창녕군,6,20000,120000,320000,32000,352000,N,세금계산서,인터넷발급,청구
T0820,2025-08-07,2025,2025-08,C28,경상남도 창녕군,6,20000,120000,320000,32000,352000,N,세금계산서,인터넷발급,청구
T0821,2025-08-07,2025,2025-08,C18,대구광역시 달서구,1,20000,20000,120000,12000,132000,N,세금계산서,인터넷발급,청구
T0822,2025-08-07,2025,2025-08,C18,대구광역시 달서구,1,20000,20000,120000,12000,132000,N,세금계산서,인터넷발급,청구
T0823,2025-08-07,2025,2025-08,C18,대구광역시 달서구,6,20000,120000,320000,32000,352000,N,세금계산서,인터넷발급,청구
T0824,2025-08-07,2025,2025-08,C18,대구광역시 달서구,4,20000,80000,180000,18000,198000,N,세금계산서,인터넷발급,청구
T0825,2025-08-07,2025,2025-08,C28,경상남도 창녕군,6,20000,120000,320000,32000,352000,N,세금계산서,인터넷발급,청구
T0826,2025-08-08,2025,2025-08,C49,경상남도 양산시,,,895170,895170,89517,984687,N,세금계산서,ASP발급,청구
T0827,2025-08-12,2025,2025-08,C18,대구광역시 달서구,1,20000,20000,120000,12000,132000,N,세금계산서,인터넷발급,청구
T0828,2025-08-12,2025,2025-08,C04,부산광역시 수영구,,,1000000,1000000,100000,1100000,N,세금계산서,ASP발급,청구
T0829,2025-08-13,2025,2025-08,C28,경상남도 창녕군,6,20000,120000,320000,32000,352000,N,세금계산서,인터넷발급,청구
T0830,2025-08-14,2025,2025-08,C09,전라북도 전주시,500000,344,172000000,172000000,17200000,189200000,N,세금계산서,ASP발급,청구
T0831,2025-08-18,2025,2025-08,C28,경상남도 창녕군,6,20000,120000,320000,32000,352000,N,세금계산서,인터넷발급,청구
T0832,2025-08-18,2025,2025-08,C18,대구광역시 달서구,4,20000,80000,180000,18000,198000,N,세금계산서,인터넷발급,청구
T0833,2025-08-27,2025,2025-08,C28,경상남도 창녕군,6,20000,120000,320000,32000,352000,N,세금계산서,인터넷발급,청구
T0834,2025-08-27,2025,2025-08,C18,대구광역시 달서구,6,20000,120000,320000,32000,352000,N,세금계산서,인터넷발급,청구
T0835,2025-08-27,2025,2025-08,C28,경상남도 창녕군,10,20000,200000,400000,40000,440000,N,세금계산서,인터넷발급,청구
T0836,2025-08-29,2025,2025-08,C13,서울특별시 강남구,115970,372,43140840,43140840,4314084,47454924,N,세금계산서,ASP발급,청구
T0837,2025-08-29,2025,2025-08,C07,경상남도 창원시,111470,379,42247130,42247130,4224713,46471843,N,세금계산서,ASP발급,청구
T0838,2025-08-29,2025,2025-08,C05,경기도 평택시,378970,410,155377700,155377700,15537770,170915470,N,세금계산서,ASP발급,청구
T0839,2025-08-29,2025,2025-08,C07,경상남도 창원시,,,200000,320000,32000,352000,N,세금계산서,ASP발급,청구
T0840,2025-08-29,2025,2025-08,C07,경상남도 창원시,,,200000,400000,40000,440000,N,세금계산서,ASP발급,청구
T0841,2025-08-29,2025,2025-08,C07,경상남도 창원시,,,100000,180000,18000,198000,N,세금계산서,ASP발급,청구
T0842,2025-08-29,2025,2025-08,C07,경상남도 창원시,,,200000,400000,40000,440000,N,세금계산서,ASP발급,청구
T0843,2025-08-29,2025,2025-08,C07,경상남도 창원시,,,100000,200000,20000,220000,N,세금계산서,ASP발급,청구
T0844,2025-08-29,2025,2025-08,C07,경상남도 창원시,1,20000,20000,20000,2000,22000,N,세금계산서,ASP발급,청구
T0845,2025-08-29,2025,2025-08,C07,경상남도 창원시,,,200000,320000,32000,352000,N,세금계산서,ASP발급,청구
T0846,2025-08-31,2025,2025-08,C18,대구광역시 달서구,78150,350,27352500,27352500,2735250,30087750,N,세금계산서,ASP발급,청구
T0847,2025-08-31,2025,2025-08,C08,경기도 용인시,,,520000,520000,52000,572000,N,세금계산서,ASP발급,청구
T0848,2025-08-31,2025,2025-08,C08,경기도 용인시,28490,380,10826200,10826200,1082620,11908820,N,세금계산서,ASP발급,청구
T0849,2025-08-31,2025,2025-08,C20,인천광역시 중구,,,18800000,18800000,1880000,20680000,N,세금계산서,ASP발급,청구
T0850,2025-08-31,2025,2025-08,C14,전북특별자치도 군산시,496420,325,161336500,161336500,16133650,177470150,N,세금계산서,ASP발급,청구
T0851,2025-08-31,2025,2025-08,C03,서울특별시 송파구,300000,370,111000000,111000000,11100000,122100000,N,세금계산서,ASP발급,청구
T0852,2025-08-31,2025,2025-08,C03,서울특별시 송파구,312580,353,110340740,110340740,11034074,121374814,N,세금계산서,ASP발급,청구
T0853,2025-08-31,2025,2025-08,C04,부산광역시 수영구,4985134,14,69791876,154288644,15428863,169717507,N,세금계산서,ASP발급,청구
T0854,2025-08-31,2025,2025-08,C34,경기도 시흥시,2880,345,993600,1183500,118350,1301850,N,세금계산서,ASP발급,청구
T0855,2025-08-31,2025,2025-08,C01,경상북도 안동시,1918465,350,671462750,674426600,67442660,741869260,N,세금계산서,ASP발급,청구
T0856,2025-08-31,2025,2025-08,C01,경상북도 안동시,164270,290,47638300,47638300,4763830,52402130,N,세금계산서,ASP발급,청구
T0857,2025-08-31,2025,2025-08,C01,경상북도 안동시,54530,380,20721400,20721400,2072140,22793540,N,세금계산서,ASP발급,청구
T0858,2025-08-31,2025,2025-08,C01,경상북도 안동시,493800,14,6913200,6913200,691320,7604520,N,세금계산서,ASP발급,청구
T0859,2025-08-31,2025,2025-08,C16,경기도 하남시,25250,395,9973750,41282550,4128255,45410805,N,세금계산서,ASP발급,청구
T0860,2025-08-31,2025,2025-08,C17,서울특별시 송파구,25920,367,9512640,9512640,951264,10463904,N,세금계산서,ASP발급,청구
T0861,2025-09-01,2025,2025-09,C39,경상남도 창원시,,,1000000,1000000,100000,1100000,N,세금계산서,ASP발급,청구
T0862,2025-09-04,2025,2025-09,C18,대구광역시 달서구,8,20000,160000,360000,36000,396000,N,세금계산서,인터넷발급,청구
T0863,2025-09-04,2025,2025-09,C18,대구광역시 달서구,2,20000,40000,140000,14000,154000,N,세금계산서,인터넷발급,청구
T0864,2025-09-04,2025,2025-09,C18,대구광역시 달서구,8,20000,160000,360000,36000,396000,N,세금계산서,인터넷발급,청구
T0865,2025-09-04,2025,2025-09,C18,대구광역시 달서구,3,20000,60000,160000,16000,176000,N,세금계산서,인터넷발급,청구
T0866,2025-09-09,2025,2025-09,C18,대구광역시 달서구,1,20000,20000,120000,12000,132000,N,세금계산서,인터넷발급,청구
T0867,2025-09-11,2025,2025-09,C28,경상남도 창녕군,6,20000,120000,320000,32000,352000,N,세금계산서,인터넷발급,청구
T0868,2025-09-15,2025,2025-09,C18,대구광역시 달서구,2,20000,40000,140000,14000,154000,N,세금계산서,인터넷발급,청구
T0869,2025-09-16,2025,2025-09,C18,대구광역시 달서구,3,20000,60000,160000,16000,176000,N,세금계산서,인터넷발급,청구
T0870,2025-09-16,2025,2025-09,C18,대구광역시 달서구,5,20000,100000,200000,20000,220000,N,세금계산서,인터넷발급,청구
T0871,2025-09-16,2025,2025-09,C28,경상남도 창녕군,10,20000,200000,400000,40000,440000,N,세금계산서,인터넷발급,청구
T0872,2025-09-18,2025,2025-09,C04,부산광역시 수영구,,,1000000,1000000,100000,1100000,N,세금계산서,ASP발급,청구
T0873,2025-09-22,2025,2025-09,C33,경상남도 밀양시,25550,350,8942500,8942500,894250,9836750,N,세금계산서,ASP발급,청구
T0874,2025-09-26,2025,2025-09,C07,경상남도 창원시,1,200000,200000,400000,40000,440000,N,세금계산서,ASP발급,청구
T0875,2025-09-30,2025,2025-09,C18,대구광역시 달서구,6,20000,120000,320000,32000,352000,N,세금계산서,인터넷발급,청구
T0876,2025-09-30,2025,2025-09,C18,대구광역시 달서구,148480,350,51968000,51968000,5196800,57164800,N,세금계산서,ASP발급,청구
T0877,2025-09-30,2025,2025-09,C05,경기도 평택시,484630,370,179313100,179313100,17931310,197244410,N,세금계산서,ASP발급,청구
T0878,2025-09-30,2025,2025-09,C13,서울특별시 강남구,174070,362,63013340,63013340,6301334,69314674,N,세금계산서,ASP발급,청구
T0879,2025-09-30,2025,2025-09,C20,인천광역시 중구,,,24450000,24450000,2445000,26895000,N,세금계산서,ASP발급,청구
T0880,2025-09-30,2025,2025-09,C07,경상남도 창원시,110920,379,42038680,42038680,4203868,46242548,N,세금계산서,ASP발급,청구
T0881,2025-09-30,2025,2025-09,C10,서울특별시 강동구,1729456,15,25941840,25941840,2594182,28536022,N,세금계산서,ASP발급,청구
T0882,2025-09-30,2025,2025-09,C03,서울특별시 송파구,350000,370,129500000,129500000,12950000,142450000,N,세금계산서,ASP발급,청구
T0883,2025-09-30,2025,2025-09,C03,서울특별시 송파구,350000,353,123550000,123550000,12355000,135905000,N,세금계산서,ASP발급,청구
T0884,2025-09-30,2025,2025-09,C17,서울특별시 송파구,53060,353,18730180,27399280,2739928,30139208,N,세금계산서,ASP발급,청구
T0885,2025-09-30,2025,2025-09,C14,전북특별자치도 군산시,509150,325,165473750,165473750,16547375,182021125,N,세금계산서,ASP발급,청구
T0886,2025-09-30,2025,2025-09,C04,부산광역시 수영구,6774736,14,94846304,198889402,19888939,218778341,N,세금계산서,ASP발급,청구
T0887,2025-09-30,2025,2025-09,C16,경기도 하남시,322349,15,4835235,26662635,2666263,29328898,N,세금계산서,ASP발급,청구
T0888,2025-09-30,2025,2025-09,C08,경기도 용인시,,,152261,1152261,115226,1267487,N,세금계산서,ASP발급,청구
T0889,2025-09-30,2025,2025-09,C04,부산광역시 수영구,543750,280,152250000,152250000,15225000,167475000,N,세금계산서,ASP발급,청구
T0890,2025-09-30,2025,2025-09,C04,부산광역시 수영구,1000000,350,350000000,350000000,35000000,385000000,N,세금계산서,ASP발급,청구
T0891,2025-09-30,2025,2025-09,C21,서울특별시 은평구,131183,18,2361294,2816294,281629,3097923,N,세금계산서,ASP발급,청구
T0892,2025-09-30,2025,2025-09,C01,경상북도 안동시,2037560,350,713146000,753929950,75392995,829322945,N,세금계산서,ASP발급,청구
T0893,2025-09-30,2025,2025-09,C01,경상북도 안동시,694220,14,9719080,9719080,971908,10690988,N,세금계산서,ASP발급,청구
T0894,2025-09-30,2025,2025-09,C01,경상북도 안동시,26480,380,10062400,10062400,1006240,11068640,N,세금계산서,ASP발급,청구
T0895,2025-09-30,2025,2025-09,C01,경상북도 안동시,1000000,343,343000000,343000000,34300000,377300000,N,세금계산서,ASP발급,청구
T0896,2025-09-30,2025,2025-09,C41,서울특별시 중구,,,16192885,16192885,1619288,17812173,N,세금계산서,ASP발급,청구
T0897,2025-09-30,2025,2025-09,C16,경기도 하남시,-322349,15,-4835235,-26662635,-2666263,-29328898,Y,수정세금계산서,ASP발급,청구
T0898,2025-09-30,2025,2025-09,C16,경기도 하남시,322349,15,4835235,4955235,495523,5450758,Y,수정세금계산서,ASP발급,청구
T0899,2025-09-30,2025,2025-09,C16,경기도 하남시,-322349,15,-4835235,-4955235,-495523,-5450758,Y,수정세금계산서,ASP발급,청구
T0900,2025-09-30,2025,2025-09,C16,경기도 하남시,322349,15,4835235,26662635,2666263,29328898,Y,수정세금계산서,ASP발급,청구
T0901,2025-10-01,2025,2025-10,C39,경상남도 창원시,,,1000000,1000000,100000,1100000,N,세금계산서,ASP발급,청구
T0902,2025-10-10,2025,2025-10,C07,경상남도 창원시,1000000,338,338000000,338000000,33800000,371800000,N,세금계산서,ASP발급,청구
T0903,2025-10-13,2025,2025-10,C28,경상남도 창녕군,10,20000,200000,400000,40000,440000,N,세금계산서,인터넷발급,청구
T0904,2025-10-16,2025,2025-10,C18,대구광역시 달서구,2,20000,40000,140000,14000,154000,N,세금계산서,인터넷발급,청구
T0905,2025-10-16,2025,2025-10,C18,대구광역시 달서구,5,20000,100000,300000,30000,330000,N,세금계산서,인터넷발급,청구
T0906,2025-10-16,2025,2025-10,C28,경상남도 창녕군,6,20000,120000,320000,32000,352000,N,세금계산서,인터넷발급,청구
T0907,2025-10-20,2025,2025-10,C18,대구광역시 달서구,1,20000,20000,120000,12000,132000,N,세금계산서,인터넷발급,청구
T0908,2025-10-20,2025,2025-10,C04,부산광역시 수영구,,,1000000,1000000,100000,1100000,N,세금계산서,ASP발급,청구
T0909,2025-10-23,2025,2025-10,C18,대구광역시 달서구,10,20000,200000,4170000,417000,4587000,N,세금계산서,인터넷발급,청구
T0910,2025-10-23,2025,2025-10,C28,경상남도 창녕군,,,5980000,6960000,696000,7656000,N,세금계산서,인터넷발급,청구
T0911,2025-10-23,2025,2025-10,C28,경상남도 창녕군,,,2465000,3045000,304500,3349500,N,세금계산서,인터넷발급,청구
T0912,2025-10-24,2025,2025-10,C42,경기도 부천시,13160,380,5000800,5000800,500080,5500880,N,세금계산서,ASP발급,청구
T0913,2025-10-29,2025,2025-10,C18,대구광역시 달서구,4,20000,80000,180000,18000,198000,N,세금계산서,인터넷발급,청구
T0914,2025-10-30,2025,2025-10,C18,대구광역시 달서구,,,350000,450000,45000,495000,N,세금계산서,인터넷발급,청구
T0915,2025-10-30,2025,2025-10,C18,대구광역시 달서구,,,700000,900000,90000,990000,N,세금계산서,인터넷발급,청구
T0916,2025-10-31,2025,2025-10,C13,서울특별시 강남구,111760,359,40121840,40121840,4012184,44134024,N,세금계산서,ASP발급,청구
T0917,2025-10-31,2025,2025-10,C03,서울특별시 송파구,300000,370,111000000,111000000,11100000,122100000,N,세금계산서,ASP발급,청구
T0918,2025-10-31,2025,2025-10,C03,서울특별시 송파구,550920,343,188965560,188965560,18896556,207862116,N,세금계산서,ASP발급,청구
T0919,2025-10-31,2025,2025-10,C05,경기도 평택시,461720,370,170836400,170836400,17083640,187920040,N,세금계산서,ASP발급,청구
T0920,2025-10-31,2025,2025-10,C18,대구광역시 달서구,74800,350,26180000,26180000,2618000,28798000,N,세금계산서,ASP발급,청구
T0921,2025-10-31,2025,2025-10,C07,경상남도 창원시,,,2185000,2185000,218500,2403500,N,세금계산서,ASP발급,청구
T0922,2025-10-31,2025,2025-10,C07,경상남도 창원시,,,630000,630000,63000,693000,N,세금계산서,ASP발급,청구
T0923,2025-10-31,2025,2025-10,C02,경상남도 김해시,612620,328,200939360,200939360,20093936,221033296,N,세금계산서,ASP발급,청구
T0924,2025-10-31,2025,2025-10,C21,서울특별시 은평구,,,4992346,4992346,499235,5491581,N,세금계산서,ASP발급,청구
T0925,2025-10-31,2025,2025-10,C07,경상남도 창원시,132130,379,50077270,50077270,5007727,55084997,N,세금계산서,ASP발급,청구
T0926,2025-10-31,2025,2025-10,C04,부산광역시 수영구,5905809,12,70869708,150802376,15080236,165882612,N,세금계산서,ASP발급,청구
T0927,2025-10-31,2025,2025-10,C04,부산광역시 수영구,76110,280,21310800,21310800,2131080,23441880,N,세금계산서,ASP발급,청구
T0928,2025-10-31,2025,2025-10,C01,경상북도 안동시,2011418,343,689916374,807489524,80748952,888238476,N,세금계산서,ASP발급,청구
T0929,2025-10-31,2025,2025-10,C01,경상북도 안동시,645080,14,9031120,9031120,903112,9934232,N,세금계산서,ASP발급,청구
T0930,2025-10-31,2025,2025-10,C01,경상북도 안동시,29200,300,8760000,8760000,876000,9636000,N,세금계산서,ASP발급,청구
T0931,2025-10-31,2025,2025-10,C01,경상북도 안동시,48710,380,18509800,18509800,1850980,20360780,N,세금계산서,ASP발급,청구
T0932,2025-10-31,2025,2025-10,C01,경상북도 안동시,-2011418,343,-689916374,-807489524,-80748952,-888238476,Y,수정세금계산서,ASP발급,청구
T0933,2025-10-31,2025,2025-10,C01,경상북도 안동시,1011418,343,346916374,464489524,46448952,510938476,Y,수정세금계산서,ASP발급,청구
T0934,2025-10-31,2025,2025-10,C10,서울특별시 강동구,4346819,15,65202285,65202285,6520228,71722513,N,세금계산서,ASP발급,청구
T0935,2025-10-31,2025,2025-10,C20,인천광역시 중구,,,26140000,26140000,2614000,28754000,N,세금계산서,ASP발급,청구
T0936,2025-10-31,2025,2025-10,C14,전북특별자치도 군산시,509550,325,165603750,165603750,16560375,182164125,N,세금계산서,ASP발급,청구
T0937,2025-10-31,2025,2025-10,C12,경기도 용인시,900,298,268200,268200,26820,295020,N,세금계산서,ASP발급,청구
T0938,2025-10-31,2025,2025-10,C08,경기도 용인시,,,379418,572548,57254,629802,N,세금계산서,ASP발급,청구
T0939,2025-10-31,2025,2025-10,C17,서울특별시 송파구,26090,357,9314130,23107250,2310725,25417975,N,세금계산서,ASP발급,청구
T0940,2025-11-03,2025,2025-11,C09,전라북도 전주시,1000000,351,351000000,351000000,35100000,386100000,N,세금계산서,ASP발급,청구
T0941,2025-11-03,2025,2025-11,C39,경상남도 창원시,,,1000000,1000000,100000,1100000,N,세금계산서,ASP발급,청구
T0942,2025-11-05,2025,2025-11,C18,대구광역시 달서구,1,20000,20000,120000,12000,132000,N,세금계산서,인터넷발급,청구
T0943,2025-11-06,2025,2025-11,C41,서울특별시 중구,130880,7,916160,916160,91616,1007776,N,세금계산서,ASP발급,영수
T0944,2025-11-13,2025,2025-11,C18,대구광역시 달서구,3,20000,60000,160000,16000,176000,N,세금계산서,인터넷발급,청구
T0945,2025-11-18,2025,2025-11,C11,서울특별시 중구,500000,385,192500000,192500000,19250000,211750000,N,세금계산서,ASP발급,청구
T0946,2025-11-19,2025,2025-11,C18,대구광역시 달서구,1,20000,20000,120000,12000,132000,N,세금계산서,인터넷발급,청구
T0947,2025-11-19,2025,2025-11,C33,경상남도 밀양시,25800,352,9081600,9081600,908160,9989760,N,세금계산서,ASP발급,청구
T0948,2025-11-20,2025,2025-11,C04,부산광역시 수영구,,,1000000,1000000,100000,1100000,N,세금계산서,ASP발급,청구
T0949,2025-11-26,2025,2025-11,C35,서울 강남구,150000,400,60000000,60000000,6000000,66000000,N,세금계산서,ASP발급,청구
T0950,2025-11-27,2025,2025-11,C12,경기도 용인시,800000,385,308000000,308000000,30800000,338800000,N,세금계산서,ASP발급,청구
T0951,2025-11-28,2025,2025-11,C41,서울특별시 중구,20567,7,143969,143969,14397,158366,N,세금계산서,ASP발급,청구
T0952,2025-11-28,2025,2025-11,C10,서울특별시 강동구,1500981,15,22514715,22514715,2251471,24766186,N,세금계산서,ASP발급,청구
T0953,2025-11-28,2025,2025-11,C13,서울특별시 강남구,144360,368,53124480,53124480,5312448,58436928,N,세금계산서,ASP발급,청구
T0954,2025-11-30,2025,2025-11,C20,인천광역시 중구,,,18430000,18430000,1843000,20273000,N,세금계산서,ASP발급,청구
T0955,2025-11-30,2025,2025-11,C05,경기도 평택시,467160,370,172849200,172849200,17284920,190134120,N,세금계산서,ASP발급,청구
T0956,2025-11-30,2025,2025-11,C02,경상남도 김해시,968000,328,317504000,317504000,31750400,349254400,N,세금계산서,ASP발급,청구
T0957,2025-11-30,2025,2025-11,C18,대구광역시 달서구,143620,350,50267000,50267000,5026700,55293700,N,세금계산서,ASP발급,청구
T0958,2025-11-30,2025,2025-11,C07,경상남도 창원시,78560,379,29774240,29774240,2977424,32751664,N,세금계산서,ASP발급,청구
T0959,2025-11-30,2025,2025-11,C03,서울특별시 송파구,350000,370,129500000,129500000,12950000,142450000,N,세금계산서,ASP발급,청구
T0960,2025-11-30,2025,2025-11,C03,서울특별시 송파구,-350000,370,-129500000,-129500000,-12950000,-142450000,Y,수정세금계산서,ASP발급,청구
T0961,2025-11-30,2025,2025-11,C03,서울특별시 송파구,416290,370,154027300,154027300,15402730,169430030,Y,수정세금계산서,ASP발급,청구
T0962,2025-11-30,2025,2025-11,C16,경기도 하남시,7810,350,2733500,2733500,273350,3006850,N,세금계산서,ASP발급,청구
T0963,2025-11-30,2025,2025-11,C16,경기도 하남시,103970,405,42107850,52470150,5247015,57717165,N,세금계산서,ASP발급,청구
T0964,2025-11-30,2025,2025-11,C01,경상북도 안동시,2035083,343,698033469,698033469,69803346,767836815,N,세금계산서,ASP발급,청구
T0965,2025-11-30,2025,2025-11,C01,경상북도 안동시,52970,395,20923150,20923150,2092315,23015465,N,세금계산서,ASP발급,청구
T0966,2025-11-30,2025,2025-11,C01,경상북도 안동시,693480,14,9708720,9708720,970872,10679592,N,세금계산서,ASP발급,청구
T0967,2025-11-30,2025,2025-11,C03,서울특별시 송파구,350000,353,123550000,123550000,12355000,135905000,N,세금계산서,ASP발급,청구
T0968,2025-11-30,2025,2025-11,C03,서울특별시 송파구,25050,420,10521000,10521000,1052100,11573100,N,세금계산서,ASP발급,청구
T0969,2025-11-30,2025,2025-11,C33,경상남도 밀양시,25830,365,9427950,9427950,942795,10370745,N,세금계산서,ASP발급,청구
T0970,2025-11-30,2025,2025-11,C17,서울특별시 송파구,14300,374,5348200,5348200,534820,5883020,N,세금계산서,ASP발급,청구
T0971,2025-11-30,2025,2025-11,C04,부산광역시 수영구,101080,280,28302400,28302400,2830240,31132640,N,세금계산서,ASP발급,청구
T0972,2025-11-30,2025,2025-11,C04,부산광역시 수영구,4088706,13,53153178,149112032,14911201,164023233,N,세금계산서,ASP발급,청구
T0973,2025-11-30,2025,2025-11,C33,경상남도 밀양시,-25830,365,-9427950,-9427950,-942795,-10370745,Y,수정세금계산서,ASP발급,청구
T0974,2025-11-30,2025,2025-11,C08,경기도 용인시,,,61701,911701,91170,1002871,N,세금계산서,ASP발급,청구
T0975,2025-11-30,2025,2025-11,C08,경기도 용인시,135910,405,55043550,76312350,7631235,83943585,N,세금계산서,ASP발급,청구
T0976,2025-11-30,2025,2025-11,C14,전북특별자치도 군산시,381660,356,135870960,135870960,13587096,149458056,N,세금계산서,ASP발급,청구
T0977,2025-11-30,2025,2025-11,C01,경상북도 안동시,1102,363,400026,400026,40002,440028,N,세금계산서,ASP발급,청구
T0978,2025-11-30,2025,2025-11,C01,경상북도 안동시,-1102,363,-400026,-400026,-40002,-440028,Y,수정세금계산서,ASP발급,청구
T0979,2025-11-30,2025,2025-11,C01,경상북도 안동시,1102000,363,400026000,400026000,40002600,440028600,Y,수정세금계산서,ASP발급,청구
T0980,2025-11-30,2025,2025-11,C14,전북특별자치도 군산시,-381660,356,-135870960,-135870960,-13587096,-149458056,Y,수정세금계산서,ASP발급,청구
T0981,2025-11-30,2025,2025-11,C14,전북특별자치도 군산시,381280,356,135735680,135735680,13573568,149309248,Y,수정세금계산서,ASP발급,청구
T0982,2025-12-01,2025,2025-12,C09,전라북도 전주시,500000,355,177500000,177500000,17750000,195250000,N,세금계산서,ASP발급,청구
T0983,2025-12-01,2025,2025-12,C07,경상남도 창원시,500000,355,177500000,177500000,17750000,195250000,N,세금계산서,ASP발급,청구
T0984,2025-12-01,2025,2025-12,C39,경상남도 창원시,,,1000000,1000000,100000,1100000,N,세금계산서,ASP발급,청구
T0985,2025-12-04,2025,2025-12,C33,경상남도 밀양시,25830,365,9427950,9427950,942795,10370745,Y,수정세금계산서,ASP발급,청구
T0986,2025-12-18,2025,2025-12,C07,경상남도 창원시,1000000,357,357000000,357000000,35700000,392700000,N,세금계산서,ASP발급,청구
T0987,2025-12-18,2025,2025-12,C04,부산광역시 수영구,,,1000000,1000000,100000,1100000,N,세금계산서,ASP발급,청구
T0988,2025-12-19,2025,2025-12,C01,경상북도 안동시,245000,363,88935000,88935000,8893500,97828500,N,세금계산서,ASP발급,청구
T0989,2025-12-19,2025,2025-12,C01,경상북도 안동시,-245000,363,-88935000,-88935000,-8893500,-97828500,Y,수정세금계산서,ASP발급,청구
T0990,2025-12-19,2025,2025-12,C01,경상북도 안동시,241500,363,87664500,87664500,8766450,96430950,Y,수정세금계산서,ASP발급,청구
T0991,2025-12-29,2025,2025-12,C42,경기도 부천시,25390,390,9902100,9902100,990210,10892310,N,세금계산서,ASP발급,청구
T0992,2025-12-30,2025,2025-12,C07,경상남도 창원시,,,200000,320000,32000,352000,N,세금계산서,ASP발급,청구
T0993,2025-12-30,2025,2025-12,C07,경상남도 창원시,,,200000,320000,32000,352000,N,세금계산서,ASP발급,청구
T0994,2025-12-30,2025,2025-12,C07,경상남도 창원시,,,200000,320000,32000,352000,N,세금계산서,ASP발급,청구
T0995,2025-12-30,2025,2025-12,C07,경상남도 창원시,,,200000,320000,32000,352000,N,세금계산서,ASP발급,청구
T0996,2025-12-30,2025,2025-12,C07,경상남도 창원시,,,-200000,-320000,-32000,-352000,Y,수정세금계산서,ASP발급,청구
T0997,2025-12-30,2025,2025-12,C07,경상남도 창원시,,,-200000,-320000,-32000,-352000,Y,수정세금계산서,ASP발급,청구
T0998,2025-12-30,2025,2025-12,C07,경상남도 창원시,,,-200000,-320000,-32000,-352000,Y,수정세금계산서,ASP발급,청구
T0999,2025-12-30,2025,2025-12,C07,경상남도 창원시,,,-200000,-320000,-32000,-352000,Y,수정세금계산서,ASP발급,청구
T1000,2025-12-31,2025,2025-12,C13,서울특별시 강남구,170740,375,64027500,64027500,6402750,70430250,N,세금계산서,ASP발급,청구
T1001,2025-12-31,2025,2025-12,C05,경기도 평택시,216500,370,80105000,137245860,13724586,150970446,N,세금계산서,ASP발급,청구
T1002,2025-12-31,2025,2025-12,C17,서울특별시 송파구,25340,405,10262700,10262700,1026270,11288970,N,세금계산서,ASP발급,청구
T1003,2025-12-31,2025,2025-12,C45,경상남도 창원시,27980,387,10828260,10828260,1082826,11911086,N,세금계산서,ASP발급,청구
T1004,2025-12-31,2025,2025-12,C12,경기도 용인시,1200000,385,462000000,462000000,46200000,508200000,N,세금계산서,ASP발급,청구
T1005,2025-12-31,2025,2025-12,C12,경기도 용인시,-1200000,385,-462000000,-462000000,-46200000,-508200000,Y,수정세금계산서,ASP발급,청구
T1006,2025-12-31,2025,2025-12,C12,경기도 용인시,500000,385,192500000,192500000,19250000,211750000,Y,수정세금계산서,ASP발급,청구
T1007,2025-12-31,2025,2025-12,C02,경상남도 김해시,1569170,328,514687760,514687760,51468776,566156536,N,세금계산서,ASP발급,청구
T1008,2025-12-31,2025,2025-12,C18,대구광역시 달서구,172870,350,60504500,60504500,6050450,66554950,N,세금계산서,ASP발급,청구
T1009,2025-12-31,2025,2025-12,C20,인천광역시 중구,,,23090000,23090000,2309000,25399000,N,세금계산서,ASP발급,청구
T1010,2025-12-31,2025,2025-12,C07,경상남도 창원시,133740,379,50687460,50687460,5068746,55756206,N,세금계산서,ASP발급,청구
T1011,2025-12-31,2025,2025-12,C38,경기도 성남시,14960,430,6432800,6432800,643280,7076080,N,세금계산서,ASP발급,청구
T1012,2025-12-31,2025,2025-12,C10,서울특별시 강동구,4097504,15,61462560,61462560,6146258,67608818,N,세금계산서,ASP발급,청구
T1013,2025-12-31,2025,2025-12,C10,서울특별시 강동구,,,8107500,8107500,810750,8918250,N,세금계산서,ASP발급,청구
T1014,2025-12-31,2025,2025-12,C01,경상북도 안동시,1102000,363,400026000,400026000,40002600,440028600,N,세금계산서,ASP발급,청구
T1015,2025-12-31,2025,2025-12,C04,부산광역시 수영구,1600000,363,580800000,580800000,58080000,638880000,N,세금계산서,ASP발급,청구
T1016,2025-12-31,2025,2025-12,C03,서울특별시 송파구,473000,550,260150000,260150000,26015000,286165000,N,세금계산서,ASP발급,청구
T1017,2025-12-31,2025,2025-12,C03,서울특별시 송파구,400000,370,148000000,148000000,14800000,162800000,N,세금계산서,ASP발급,청구
T1018,2025-12-31,2025,2025-12,C03,서울특별시 송파구,400000,343,137200000,362859430,36285943,399145373,N,세금계산서,ASP발급,청구
T1019,2025-12-31,2025,2025-12,C03,서울특별시 송파구,75800,420,31836000,31836000,3183600,35019600,N,세금계산서,ASP발급,청구
T1020,2025-12-31,2025,2025-12,C08,경기도 용인시,,,1900000,950000,95000,1045000,N,세금계산서,ASP발급,청구
T1021,2025-12-31,2025,2025-12,C08,경기도 용인시,162900,405,65974500,308974500,30897450,339871950,N,세금계산서,ASP발급,청구
T1022,2025-12-31,2025,2025-12,C12,경기도 용인시,100000,353,35300000,35300000,3530000,38830000,N,세금계산서,ASP발급,청구
T1023,2025-12-31,2025,2025-12,C21,서울특별시 은평구,6440,17,109480,109480,10948,120428,N,세금계산서,ASP발급,청구
T1024,2025-12-31,2025,2025-12,C12,경기도 용인시,-100000,353,-35300000,-35300000,-3530000,-38830000,Y,수정세금계산서,ASP발급,청구
T1025,2025-12-31,2025,2025-12,C12,경기도 용인시,100000,353,35300000,35300000,3530000,38830000,Y,수정세금계산서,ASP발급,청구
T1026,2025-12-31,2025,2025-12,C40,경기도 수원시,1036283,17,17616811,18716811,1871681,20588492,N,세금계산서,ASP발급,청구
T1027,2025-12-31,2025,2025-12,C16,경기도 하남시,88770,420,37283400,180600750,18060075,198660825,N,세금계산서,ASP발급,청구
T1028,2025-12-31,2025,2025-12,C16,경기도 하남시,10610,600,6366000,6366000,636600,7002600,N,세금계산서,ASP발급,청구
T1029,2025-12-31,2025,2025-12,C14,전북특별자치도 군산시,328770,356,117042120,167042120,16704212,183746332,N,세금계산서,ASP발급,청구
T1030,2025-12-31,2025,2025-12,C01,경상북도 안동시,2044735,363,742238805,748023235,74802323,822825558,N,세금계산서,ASP발급,청구
T1031,2025-12-31,2025,2025-12,C01,경상북도 안동시,659630,14,9234820,9975140,997514,10972654,N,세금계산서,ASP발급,청구
T1032,2025-12-31,2025,2025-12,C01,경상북도 안동시,25320,400,10128000,10128000,1012800,11140800,N,세금계산서,ASP발급,청구
T1033,2025-12-31,2025,2025-12,C04,부산광역시 수영구,97660,290,28321400,28321400,2832140,31153540,N,세금계산서,ASP발급,청구
T1034,2025-12-31,2025,2025-12,C04,부산광역시 수영구,6316960,12,75803520,150803282,15080327,165883609,N,세금계산서,ASP발급,청구
T1035,2025-12-31,2025,2025-12,C23,경기도 수원시,64160,420,26947200,26947200,2694720,29641920,N,세금계산서,ASP발급,청구
T1036,2026-01-02,2026,2026-01,C39,경상남도 창원시,,,1000000,1000000,100000,1100000,N,세금계산서,ASP발급,청구
T1037,2026-01-05,2026,2026-01,C09,전라북도 전주시,500000,373,186500000,186500000,18650000,205150000,N,세금계산서,ASP발급,청구
T1038,2026-01-19,2026,2026-01,C17,서울특별시 송파구,27980,387,10828260,10828260,1082826,11911086,N,세금계산서,ASP발급,청구
T1039,2026-01-21,2026,2026-01,C04,부산광역시 수영구,,,1000000,1000000,100000,1100000,N,세금계산서,ASP발급,청구
T1040,2026-01-28,2026,2026-01,C33,경상남도 밀양시,26210,380,9959800,9959800,995980,10955780,N,세금계산서,ASP발급,청구
T1041,2026-01-28,2026,2026-01,C17,서울특별시 송파구,14510,397,5760470,5760470,576047,6336517,N,세금계산서,ASP발급,청구
T1042,2026-01-28,2026,2026-01,C33,경상남도 밀양시,-26210,380,-9959800,-9959800,-995980,-10955780,Y,수정세금계산서,ASP발급,청구
T1043,2026-01-28,2026,2026-01,C33,경상남도 밀양시,26210,360,9435600,9435600,943560,10379160,Y,수정세금계산서,ASP발급,청구
T1044,2026-01-28,2026,2026-01,C16,경기도 하남시,178690,15,2680350,8755350,875535,9630885,N,세금계산서,ASP발급,청구
T1045,2026-01-29,2026,2026-01,C07,경상남도 창원시,141080,379,53469320,53469320,5346932,58816252,N,세금계산서,ASP발급,청구
T1046,2026-01-30,2026,2026-01,C05,경기도 평택시,381970,398,152024060,152024060,15202406,167226466,N,세금계산서,ASP발급,청구
T1047,2026-01-30,2026,2026-01,C35,서울 강남구,24070,405,9748350,9748350,974835,10723185,N,세금계산서,ASP발급,청구
T1048,2026-01-30,2026,2026-01,C10,서울특별시 강동구,3446674,15,51700110,51700110,5170011,56870121,N,세금계산서,ASP발급,청구
T1049,2026-01-31,2026,2026-01,C02,경상남도 김해시,825040,328,270613120,397298560,39729856,437028416,N,세금계산서,ASP발급,청구
T1050,2026-01-31,2026,2026-01,C07,경상남도 창원시,995680,12,11948160,18408160,1840816,20248976,N,세금계산서,ASP발급,청구
T1051,2026-01-31,2026,2026-01,C07,경상남도 창원시,497820,19,9458580,12688580,1268858,13957438,N,세금계산서,ASP발급,청구
T1052,2026-01-31,2026,2026-01,C07,경상남도 창원시,-497820,19,-9458580,-12688580,-1268858,-13957438,Y,수정세금계산서,ASP발급,청구
T1053,2026-01-31,2026,2026-01,C07,경상남도 창원시,497820,12,5973840,9203840,920384,10124224,Y,수정세금계산서,ASP발급,청구
T1054,2026-01-31,2026,2026-01,C13,서울특별시 강남구,177730,379,67359670,67359670,6735967,74095637,N,세금계산서,ASP발급,청구
T1055,2026-01-31,2026,2026-01,C14,전북특별자치도 군산시,322120,356,114674720,64674720,6467472,71142192,N,세금계산서,ASP발급,청구
T1056,2026-01-31,2026,2026-01,C27,서울특별시 강남구,1961888,18,35313984,26293984,2629398,28923382,N,세금계산서,ASP발급,청구
T1057,2026-01-31,2026,2026-01,C27,서울특별시 강남구,,,4789016,4789016,478901,5267917,N,세금계산서,ASP발급,청구
T1058,2026-01-31,2026,2026-01,C03,서울특별시 송파구,400000,370,148000000,148000000,14800000,162800000,N,세금계산서,ASP발급,청구
T1059,2026-01-31,2026,2026-01,C03,서울특별시 송파구,320220,363,116239860,124886760,12488676,137375436,N,세금계산서,ASP발급,청구
T1060,2026-01-31,2026,2026-01,C12,경기도 용인시,700000,385,269500000,269500000,26950000,296450000,N,세금계산서,ASP발급,청구
T1061,2026-01-31,2026,2026-01,C12,경기도 용인시,500000,385,192500000,192500000,19250000,211750000,N,세금계산서,ASP발급,청구
T1062,2026-01-31,2026,2026-01,C12,경기도 용인시,500000,385,192500000,192500000,19250000,211750000,N,세금계산서,ASP발급,청구
T1063,2026-01-31,2026,2026-01,C03,서울특별시 송파구,50940,380,19357200,74809800,7480980,82290780,N,세금계산서,ASP발급,청구
T1064,2026-01-31,2026,2026-01,C20,인천광역시 중구,,,12500000,12500000,1250000,13750000,N,세금계산서,ASP발급,청구
T1065,2026-01-31,2026,2026-01,C23,경기도 수원시,228570,420,95999400,95999400,9599940,105599340,N,세금계산서,ASP발급,청구
T1066,2026-01-31,2026,2026-01,C08,경기도 용인시,368806,17,6269702,7267102,726710,7993812,N,세금계산서,ASP발급,청구
T1067,2026-01-31,2026,2026-01,C12,경기도 용인시,906,353,319818,319818,31981,351799,N,세금계산서,ASP발급,청구
T1068,2026-01-31,2026,2026-01,C12,경기도 용인시,10,160000,1600000,1600000,160000,1760000,N,세금계산서,ASP발급,청구
T1069,2026-01-31,2026,2026-01,C12,경기도 용인시,35,20000,700000,700000,70000,770000,N,세금계산서,ASP발급,청구
T1070,2026-01-31,2026,2026-01,C12,경기도 용인시,2884139,17,49030363,49030363,4903036,53933399,N,세금계산서,ASP발급,청구
T1071,2026-01-31,2026,2026-01,C12,경기도 용인시,62610,17,1064370,1064370,106437,1170807,N,세금계산서,ASP발급,청구
T1072,2026-01-31,2026,2026-01,C01,경상북도 안동시,1905573,363,691722999,738095689,73809568,811905257,N,세금계산서,ASP발급,청구
T1073,2026-01-31,2026,2026-01,C01,경상북도 안동시,625820,14,8761480,10001280,1000128,11001408,N,세금계산서,ASP발급,청구
T1074,2026-01-31,2026,2026-01,C01,경상북도 안동시,55620,395,21969900,23737800,2373780,26111580,N,세금계산서,ASP발급,청구
T1075,2026-02-02,2026,2026-02,C18,대구광역시 달서구,6,20000,120000,320000,32000,352000,N,세금계산서,인터넷발급,청구
T1076,2026-02-02,2026,2026-02,C39,경상남도 창원시,,,1000000,1000000,100000,1100000,N,세금계산서,ASP발급,영수
T1077,2026-02-05,2026,2026-02,C28,경상남도 창녕군,10,20000,200000,400000,40000,440000,N,세금계산서,인터넷발급,청구
T1078,2026-02-09,2026,2026-02,C10,서울특별시 강동구,4,20000,80000,80000,8000,88000,N,세금계산서,ASP발급,청구
T1079,2026-02-09,2026,2026-02,C10,서울특별시 강동구,-4,20000,-80000,-80000,-8000,-88000,Y,수정세금계산서,ASP발급,청구
T1080,2026-02-09,2026,2026-02,C10,서울특별시 강동구,4,20000,80000,80000,8000,88000,Y,수정세금계산서,ASP발급,청구
T1081,2026-02-10,2026,2026-02,C09,전라북도 전주시,500000,379,189500000,189500000,18950000,208450000,N,세금계산서,ASP발급,청구
T1082,2026-02-10,2026,2026-02,C07,경상남도 창원시,1000000,377,377000000,377000000,37700000,414700000,N,세금계산서,ASP발급,청구
T1083,2026-02-12,2026,2026-02,C11,서울특별시 중구,200000,410,82000000,82000000,8200000,90200000,N,세금계산서,ASP발급,청구
T1084,2026-02-13,2026,2026-02,C18,대구광역시 달서구,6,20000,120000,320000,32000,352000,N,세금계산서,인터넷발급,청구
T1085,2026-02-19,2026,2026-02,C18,대구광역시 달서구,4,20000,80000,180000,18000,198000,N,세금계산서,인터넷발급,청구
T1086,2026-02-20,2026,2026-02,C10,서울특별시 강동구,6,20000,120000,120000,12000,132000,N,세금계산서,ASP발급,청구
T1087,2026-02-20,2026,2026-02,C10,서울특별시 강동구,6,20000,120000,120000,12000,132000,N,세금계산서,ASP발급,청구
T1088,2026-02-20,2026,2026-02,C10,서울특별시 강동구,6,20000,120000,120000,12000,132000,N,세금계산서,ASP발급,청구
T1089,2026-02-23,2026,2026-02,C28,경상남도 창녕군,8,20000,160000,360000,36000,396000,N,세금계산서,인터넷발급,청구
T1090,2026-02-23,2026,2026-02,C18,대구광역시 달서구,5,20000,100000,300000,30000,330000,N,세금계산서,인터넷발급,청구
T1091,2026-02-23,2026,2026-02,C18,대구광역시 달서구,-5,20000,-100000,-300000,-30000,-330000,Y,수정세금계산서,인터넷발급,청구
T1092,2026-02-23,2026,2026-02,C18,대구광역시 달서구,8,20000,160000,360000,36000,396000,N,세금계산서,인터넷발급,청구
T1093,2026-02-23,2026,2026-02,C18,대구광역시 달서구,5,20000,100000,200000,20000,220000,N,세금계산서,인터넷발급,청구
T1094,2026-02-23,2026,2026-02,C18,대구광역시 달서구,8,20000,160000,360000,36000,396000,N,세금계산서,인터넷발급,청구
T1095,2026-02-23,2026,2026-02,C28,경상남도 창녕군,10,20000,200000,400000,40000,440000,N,세금계산서,인터넷발급,청구
T1096,2026-02-23,2026,2026-02,C18,대구광역시 달서구,-8,20000,-160000,-360000,-36000,-396000,Y,수정세금계산서,인터넷발급,청구
T1097,2026-02-25,2026,2026-02,C04,부산광역시 수영구,,,1000000,1000000,100000,1100000,N,세금계산서,ASP발급,청구
T1098,2026-02-26,2026,2026-02,C12,경기도 용인시,500000,385,192500000,192500000,19250000,211750000,N,세금계산서,ASP발급,청구
T1099,2026-02-26,2026,2026-02,C22,충청북도 진천군,500000,385,192500000,192500000,19250000,211750000,N,세금계산서,ASP발급,청구
T1100,2026-02-27,2026,2026-02,C13,서울특별시 강남구,145760,390,56846400,56846400,5684640,62531040,N,세금계산서,ASP발급,청구
T1101,2026-02-28,2026,2026-02,C06,충청남도 천안시,516000,371,191436000,191436000,19143600,210579600,N,세금계산서,ASP발급,청구
T1102,2026-02-28,2026,2026-02,C20,인천광역시 중구,,,19940000,19940000,1994000,21934000,N,세금계산서,ASP발급,청구
T1103,2026-02-28,2026,2026-02,C02,경상남도 김해시,798710,384,306704640,306704640,30670464,337375104,N,세금계산서,ASP발급,청구
T1104,2026-02-28,2026,2026-02,C07,경상남도 창원시,1054740,12,12656880,20026880,2002688,22029568,N,세금계산서,ASP발급,청구
T1105,2026-02-28,2026,2026-02,C05,경기도 평택시,364800,398,145190400,145190400,14519040,159709440,N,세금계산서,ASP발급,청구
T1106,2026-02-28,2026,2026-02,C07,경상남도 창원시,80300,379,30433700,30433700,3043370,33477070,N,세금계산서,ASP발급,청구
T1107,2026-02-28,2026,2026-02,C28,경상남도 창녕군,490600,11,5396600,5396600,539660,5936260,N,세금계산서,ASP발급,청구
T1108,2026-02-28,2026,2026-02,C27,서울특별시 강남구,1146938,18,20644884,22584884,2258488,24843372,N,세금계산서,ASP발급,청구
T1109,2026-02-28,2026,2026-02,C27,서울특별시 강남구,,,1348070,1348070,134806,1482876,N,세금계산서,ASP발급,청구
T1110,2026-02-28,2026,2026-02,C27,서울특별시 강남구,-1146938,18,-20644884,-22584884,-2258488,-24843372,Y,수정세금계산서,ASP발급,청구
T1111,2026-02-28,2026,2026-02,C27,서울특별시 강남구,1146938,18,20644884,19504884,1950488,21455372,Y,수정세금계산서,ASP발급,청구
T1112,2026-02-28,2026,2026-02,C28,경상남도 창녕군,2607340,8,20858720,20858720,2085872,22944592,N,세금계산서,ASP발급,청구
T1113,2026-02-28,2026,2026-02,C18,대구광역시 달서구,1560270,8,12482160,12482160,1248216,13730376,N,세금계산서,ASP발급,청구
T1114,2026-02-28,2026,2026-02,C03,서울특별시 송파구,650000,370,240500000,240500000,24050000,264550000,N,세금계산서,ASP발급,청구
T1115,2026-02-28,2026,2026-02,C10,서울특별시 강동구,3733027,15,55995405,56303405,5630343,61933748,N,세금계산서,ASP발급,청구
T1116,2026-02-28,2026,2026-02,C14,전북특별자치도 군산시,235200,373,87729600,87729600,8772960,96502560,N,세금계산서,ASP발급,청구
T1117,2026-02-28,2026,2026-02,C03,서울특별시 송파구,63700,440,28028000,49758250,4975825,54734075,N,세금계산서,ASP발급,청구
T1118,2026-02-28,2026,2026-02,C23,경기도 수원시,273580,440,120375200,120375200,12037520,132412720,N,세금계산서,ASP발급,청구
T1119,2026-02-28,2026,2026-02,C16,경기도 하남시,27880,385,10733800,10733800,1073380,11807180,N,세금계산서,ASP발급,청구
T1120,2026-02-28,2026,2026-02,C16,경기도 하남시,104770,430,45051100,56931100,5693110,62624210,N,세금계산서,ASP발급,청구
T1121,2026-02-28,2026,2026-02,C08,경기도 용인시,55740,15,836100,836100,83610,919710,N,세금계산서,ASP발급,청구
T1122,2026-02-28,2026,2026-02,C08,경기도 용인시,631688,17,10738696,10738696,1073869,11812565,N,세금계산서,ASP발급,청구
T1123,2026-02-28,2026,2026-02,C08,경기도 용인시,6,20000,120000,220000,22000,242000,N,세금계산서,ASP발급,청구
T1124,2026-02-28,2026,2026-02,C01,경상북도 안동시,978645,378,369927810,378192810,37819281,416012091,N,세금계산서,ASP발급,청구
T1125,2026-02-28,2026,2026-02,C01,경상북도 안동시,542170,14,7590380,8341760,834176,9175936,N,세금계산서,ASP발급,청구
T1126,2026-02-28,2026,2026-02,C01,경상북도 안동시,24940,395,9851300,9851300,985130,10836430,N,세금계산서,ASP발급,청구
T1127,2026-02-28,2026,2026-02,C12,경기도 용인시,368781,17,6269277,6269277,626927,6896204,N,세금계산서,ASP발급,청구
T1128,2026-02-28,2026,2026-02,C12,경기도 용인시,8,20000,160000,160000,16000,176000,N,세금계산서,ASP발급,청구
T1129,2026-02-28,2026,2026-02,C12,경기도 용인시,25080,17,426360,426360,42636,468996,N,세금계산서,ASP발급,청구
T1130,2026-02-28,2026,2026-02,C38,경기도 성남시,14520,4300,62436000,62436000,6243600,68679600,N,세금계산서,ASP발급,청구
T1131,2026-02-28,2026,2026-02,C38,경기도 성남시,-14520,4300,-62436000,-62436000,-6243600,-68679600,Y,수정세금계산서,ASP발급,청구
T1132,2026-02-28,2026,2026-02,C38,경기도 성남시,14520,430,6243600,6243600,624360,6867960,Y,수정세금계산서,ASP발급,청구
T1133,2026-02-28,2026,2026-02,C06,충청남도 천안시,-516000,371,-191436000,-191436000,-19143600,-210579600,Y,수정세금계산서,ASP발급,청구
T1134,2026-02-28,2026,2026-02,C06,충청남도 천안시,516000,371,191436000,191436000,19143600,210579600,Y,수정세금계산서,ASP발급,청구
T1135,2026-02-28,2026,2026-02,C17,서울특별시 송파구,29780,397,11822660,11822660,1182266,13004926,N,세금계산서,ASP발급,청구
T1136,2026-02-28,2026,2026-02,C17,서울특별시 송파구,226290,425,96173250,107679250,10767925,118447175,N,세금계산서,ASP발급,청구
T1137,2026-02-28,2026,2026-02,C04,부산광역시 수영구,1000000,360,360000000,360000000,36000000,396000000,N,세금계산서,ASP발급,청구
T1138,2026-03-01,2026,2026-03,C29,서울특별시 금천구,500000,380,190000000,190000000,19000000,209000000,N,세금계산서,ASP발급,청구
T1139,2026-03-01,2026,2026-03,C29,서울특별시 금천구,274550,16,4392800,4392800,439280,4832080,N,세금계산서,ASP발급,청구
T1140,2026-03-03,2026,2026-03,C10,서울특별시 강동구,6,20000,120000,120000,12000,132000,N,세금계산서,ASP발급,청구
T1141,2026-03-03,2026,2026-03,C39,경상남도 창원시,,,1000000,1000000,100000,1100000,N,세금계산서,ASP발급,영수
T1142,2026-03-05,2026,2026-03,C28,경상남도 창녕군,10,20000,200000,400000,40000,440000,N,세금계산서,인터넷발급,청구
T1143,2026-03-05,2026,2026-03,C28,경상남도 창녕군,4,20000,80000,180000,18000,198000,N,세금계산서,인터넷발급,청구
T1144,2026-03-05,2026,2026-03,C18,대구광역시 달서구,6,20000,120000,320000,32000,352000,N,세금계산서,인터넷발급,청구
T1145,2026-03-13,2026,2026-03,C18,대구광역시 달서구,3,20000,60000,160000,16000,176000,N,세금계산서,인터넷발급,청구
T1146,2026-03-16,2026,2026-03,C18,대구광역시 달서구,6,20000,120000,320000,32000,352000,N,세금계산서,인터넷발급,청구
T1147,2026-03-20,2026,2026-03,C04,부산광역시 수영구,,,1000000,1000000,100000,1100000,N,세금계산서,ASP발급,청구
T1148,2026-03-23,2026,2026-03,C18,대구광역시 달서구,4,20000,80000,180000,18000,198000,N,세금계산서,인터넷발급,청구
T1149,2026-03-25,2026,2026-03,C22,충청북도 진천군,500000,395,197500000,197500000,19750000,217250000,N,세금계산서,ASP발급,청구
T1150,2026-03-31,2026,2026-03,C13,서울특별시 강남구,211000,390,82290000,82290000,8229000,90519000,N,세금계산서,ASP발급,청구
T1151,2026-03-31,2026,2026-03,C07,경상남도 창원시,87770,379,33264830,33264830,3326483,36591313,N,세금계산서,ASP발급,청구
T1152,2026-03-31,2026,2026-03,C24,경기도 안양시,59440,408,24251520,24251520,2425152,26676672,N,세금계산서,ASP발급,청구
T1153,2026-03-31,2026,2026-03,C07,경상남도 창원시,25850,12,310200,600200,60020,660220,N,세금계산서,ASP발급,청구
T1154,2026-03-31,2026,2026-03,C16,경기도 하남시,84560,450,38052000,50058000,5005800,55063800,N,세금계산서,ASP발급,청구
T1155,2026-03-31,2026,2026-03,C20,인천광역시 중구,,,22630000,22630000,2263000,24893000,N,세금계산서,ASP발급,청구
T1156,2026-03-31,2026,2026-03,C05,경기도 평택시,362670,398,144342660,144342660,14434266,158776926,N,세금계산서,ASP발급,청구
T1157,2026-03-31,2026,2026-03,C07,경상남도 창원시,-25850,12,-310200,-600200,-60020,-660220,Y,수정세금계산서,ASP발급,청구
T1158,2026-03-31,2026,2026-03,C07,경상남도 창원시,25850,12,310200,500200,50020,550220,Y,수정세금계산서,ASP발급,청구
T1159,2026-03-31,2026,2026-03,C02,경상남도 김해시,990370,384,380302080,380302080,38030208,418332288,N,세금계산서,ASP발급,청구
T1160,2026-03-31,2026,2026-03,C27,서울특별시 강남구,3504185,,66579515,62679515,6267951,68947466,N,세금계산서,ASP발급,청구
T1161,2026-03-31,2026,2026-03,C10,서울특별시 강동구,3968060,16,63488960,63488960,6348896,69837856,N,세금계산서,ASP발급,청구
T1162,2026-03-31,2026,2026-03,C03,서울특별시 송파구,100000,370,37000000,37000000,3700000,40700000,N,세금계산서,ASP발급,청구
T1163,2026-03-31,2026,2026-03,C03,서울특별시 송파구,600000,383,229800000,239830770,23983077,263813847,N,세금계산서,ASP발급,청구
T1164,2026-03-31,2026,2026-03,C03,서울특별시 송파구,77870,435,33873450,82774950,8277495,91052445,N,세금계산서,ASP발급,청구
T1165,2026-03-31,2026,2026-03,C06,충청남도 천안시,998700,372,371516400,371516400,37151640,408668040,N,세금계산서,ASP발급,청구
T1166,2026-03-31,2026,2026-03,C28,경상남도 창녕군,607230,11,6679530,6679530,667953,7347483,N,세금계산서,ASP발급,청구
T1167,2026-03-31,2026,2026-03,C18,대구광역시 달서구,1826040,9,16434360,16434360,1643436,18077796,N,세금계산서,ASP발급,청구
T1168,2026-03-31,2026,2026-03,C28,경상남도 창녕군,3172000,9,28548000,28548000,2854800,31402800,N,세금계산서,ASP발급,청구
T1169,2026-03-31,2026,2026-03,C29,서울특별시 금천구,56460,16,903360,903360,90336,993696,N,세금계산서,ASP발급,청구
T1170,2026-03-31,2026,2026-03,C14,전북특별자치도 군산시,254860,373,95062780,95062780,9506278,104569058,N,세금계산서,ASP발급,청구
T1171,2026-03-31,2026,2026-03,C26,경기도 성남시,26370,425,11207250,34940850,3494085,38434935,N,세금계산서,ASP발급,청구
T1172,2026-03-31,2026,2026-03,C12,경기도 용인시,1027521,18,18495378,18495378,1849537,20344915,N,세금계산서,ASP발급,청구
T1173,2026-03-31,2026,2026-03,C12,경기도 용인시,16,20000,320000,320000,32000,352000,N,세금계산서,ASP발급,청구
T1174,2026-03-31,2026,2026-03,C12,경기도 용인시,157520,18,2835360,2835360,283536,3118896,N,세금계산서,ASP발급,청구
T1175,2026-03-31,2026,2026-03,C17,서울특별시 송파구,82090,451,37022590,37022590,3702259,40724849,N,세금계산서,ASP발급,청구
T1176,2026-03-31,2026,2026-03,C17,서울특별시 송파구,93340,414,38642760,38642760,3864276,42507036,N,세금계산서,ASP발급,청구
T1177,2026-03-31,2026,2026-03,C23,경기도 수원시,223180,450,100431000,100431000,10043100,110474100,N,세금계산서,ASP발급,청구
T1178,2026-03-31,2026,2026-03,C12,경기도 용인시,-157520,18,-2835360,-2835360,-283536,-3118896,Y,수정세금계산서,ASP발급,청구
T1179,2026-03-31,2026,2026-03,C12,경기도 용인시,127520,18,2295360,2295360,229536,2524896,Y,수정세금계산서,ASP발급,청구
T1180,2026-03-31,2026,2026-03,C08,경기도 용인시,26,20000,520000,1420000,142000,1562000,N,세금계산서,ASP발급,청구
T1181,2026-03-31,2026,2026-03,C08,경기도 용인시,631688,1,631688,42226492,4222648,46449140,N,세금계산서,ASP발급,청구
T1182,2026-03-31,2026,2026-03,C08,경기도 용인시,55740,1,55740,264540,26454,290994,N,세금계산서,ASP발급,청구
T1183,2026-03-31,2026,2026-03,C08,경기도 용인시,300000,435,130500000,130500000,13050000,143550000,N,세금계산서,ASP발급,청구
T1184,2026-03-31,2026,2026-03,C01,경상북도 안동시,1398105,378,528483690,536748690,53674869,590423559,N,세금계산서,ASP발급,청구
T1185,2026-03-31,2026,2026-03,C01,경상북도 안동시,36890,410,15124900,15124900,1512490,16637390,N,세금계산서,ASP발급,청구
T1186,2026-03-31,2026,2026-03,C01,경상북도 안동시,670660,14,9389240,9389240,938924,10328164,N,세금계산서,ASP발급,청구
T1187,2026-03-31,2026,2026-03,C01,경상북도 안동시,8640,410,3542400,25050150,2505015,27555165,N,세금계산서,ASP발급,청구
T1188,2026-04-01,2026,2026-04,C39,경상남도 창원시,,,1000000,1000000,100000,1100000,N,세금계산서,ASP발급,영수
T1189,2026-04-03,2026,2026-04,C11,서울특별시 중구,500000,447,223500000,223500000,22350000,245850000,N,세금계산서,ASP발급,청구
T1190,2026-04-06,2026,2026-04,C28,경상남도 창녕군,6,20000,120000,2245000,224500,2469500,N,세금계산서,인터넷발급,청구
T1191,2026-04-07,2026,2026-04,C33,경상남도 밀양시,26220,424,11117280,11117280,1111728,12229008,N,세금계산서,ASP발급,청구
T1192,2026-04-09,2026,2026-04,C18,대구광역시 달서구,3,20000,60000,685000,68500,753500,N,세금계산서,인터넷발급,청구
T1193,2026-04-13,2026,2026-04,C28,경상남도 창녕군,5,20000,100000,1425000,142500,1567500,N,세금계산서,인터넷발급,청구
T1194,2026-04-13,2026,2026-04,C28,경상남도 창녕군,8,20000,160000,4910000,491000,5401000,N,세금계산서,인터넷발급,청구
T1195,2026-04-13,2026,2026-04,C18,대구광역시 달서구,6,20000,120000,3470000,347000,3817000,N,세금계산서,인터넷발급,청구
T1196,2026-04-13,2026,2026-04,C10,서울특별시 강동구,6,20000,120000,120000,12000,132000,N,세금계산서,ASP발급,청구
T1197,2026-04-20,2026,2026-04,C04,부산광역시 수영구,,,1000000,1000000,100000,1100000,N,세금계산서,ASP발급,청구
T1198,2026-04-23,2026,2026-04,C07,경상남도 창원시,-500000,427,-213500000,-213500000,-21350000,-234850000,Y,수정세금계산서,인터넷발급,청구
T1199,2026-04-23,2026,2026-04,C07,경상남도 창원시,500000,427,213500000,213500000,21350000,234850000,Y,수정세금계산서,인터넷발급,청구
T1200,2026-04-23,2026,2026-04,C07,경상남도 창원시,500000,427,213500000,213500000,21350000,234850000,N,세금계산서,ASP발급,청구
T1201,2026-04-27,2026,2026-04,C28,경상남도 창녕군,10,20000,200000,7400000,740000,8140000,N,세금계산서,인터넷발급,청구
T1202,2026-04-27,2026,2026-04,C18,대구광역시 달서구,1,20000,20000,295000,29500,324500,N,세금계산서,인터넷발급,청구
T1203,2026-04-27,2026,2026-04,C18,대구광역시 달서구,5,20000,100000,1425000,142500,1567500,N,세금계산서,인터넷발급,청구
T1204,2026-04-28,2026,2026-04,C18,대구광역시 달서구,1,20000,20000,295000,29500,324500,N,세금계산서,인터넷발급,청구
T1205,2026-04-29,2026,2026-04,C10,서울특별시 강동구,1707506,16,27320096,27320096,2732009,30052105,N,세금계산서,ASP발급,청구
T1206,2026-04-30,2026,2026-04,C17,서울특별시 송파구,61420,435,26717700,47698220,4769822,52468042,N,세금계산서,인터넷발급,청구
T1207,2026-04-30,2026,2026-04,C16,경기도 하남시,49950,486,24275700,86689570,8668957,95358527,N,세금계산서,인터넷발급,청구
T1208,2026-04-30,2026,2026-04,C24,경기도 안양시,378650,415,157139750,157139750,15713975,172853725,N,세금계산서,ASP발급,청구
T1209,2026-04-30,2026,2026-04,C13,서울특별시 강남구,116020,407,47220140,47220140,4722014,51942154,N,세금계산서,ASP발급,청구
T1210,2026-04-30,2026,2026-04,C05,경기도 평택시,392960,420,165043200,165043200,16504320,181547520,N,세금계산서,ASP발급,청구
T1211,2026-04-30,2026,2026-04,C18,대구광역시 달서구,106090,355,37661950,37661950,3766195,41428145,N,세금계산서,ASP발급,청구
T1212,2026-04-30,2026,2026-04,C20,인천광역시 중구,,,22140000,22140000,2214000,24354000,N,세금계산서,ASP발급,청구
T1213,2026-04-30,2026,2026-04,C02,경상남도 김해시,581480,384,223288320,335586720,33558672,369145392,N,세금계산서,ASP발급,청구
T1214,2026-04-30,2026,2026-04,C26,경기도 성남시,25370,450,11416500,11416500,1141650,12558150,N,세금계산서,ASP발급,청구
T1215,2026-04-30,2026,2026-04,C27,서울특별시 강남구,3050107,19,57952033,58452033,5845203,64297236,N,세금계산서,ASP발급,청구
T1216,2026-04-30,2026,2026-04,C07,경상남도 창원시,1360180,13,17682340,26852340,2685234,29537574,N,세금계산서,ASP발급,청구
T1217,2026-04-30,2026,2026-04,C07,경상남도 창원시,26680,13,346840,536840,53684,590524,N,세금계산서,ASP발급,청구
T1218,2026-04-30,2026,2026-04,C07,경상남도 창원시,113880,379,43160520,43160520,4316052,47476572,N,세금계산서,ASP발급,청구
T1219,2026-04-30,2026,2026-04,C28,경상남도 창녕군,639280,11,7032080,7032080,703208,7735288,N,세금계산서,ASP발급,청구
T1220,2026-04-30,2026,2026-04,C14,전북특별자치도 군산시,252180,373,94063140,94063140,9406314,103469454,N,세금계산서,ASP발급,청구
T1221,2026-04-30,2026,2026-04,C23,경기도 수원시,232470,450,104611500,104611500,10461150,115072650,N,세금계산서,ASP발급,청구
T1222,2026-04-30,2026,2026-04,C08,경기도 용인시,164620,435,71609700,77075820,7707582,84783402,N,세금계산서,ASP발급,청구
T1223,2026-04-30,2026,2026-04,C08,경기도 용인시,816967,18,14705406,15585406,1558540,17143946,N,세금계산서,ASP발급,청구
T1224,2026-04-30,2026,2026-04,C18,대구광역시 달서구,1913380,9,17220420,17220420,1722042,18942462,N,세금계산서,ASP발급,청구
T1225,2026-04-30,2026,2026-04,C28,경상남도 창녕군,3129680,9,28167120,28167120,2816712,30983832,N,세금계산서,ASP발급,청구
T1226,2026-04-30,2026,2026-04,C12,경기도 용인시,989044,18,17802792,17802792,1780279,19583071,N,세금계산서,ASP발급,청구
T1227,2026-04-30,2026,2026-04,C12,경기도 용인시,17,20000,340000,340000,34000,374000,N,세금계산서,ASP발급,청구
T1228,2026-04-30,2026,2026-04,C12,경기도 용인시,127060,18,2287080,2287080,228708,2515788,N,세금계산서,ASP발급,청구
T1229,2026-04-30,2026,2026-04,C03,서울특별시 송파구,376130,370,139168100,139168100,13916810,153084910,N,세금계산서,ASP발급,청구
T1230,2026-04-30,2026,2026-04,C03,서울특별시 송파구,350000,383,134050000,244849000,24484900,269333900,N,세금계산서,ASP발급,청구
T1231,2026-04-30,2026,2026-04,C03,서울특별시 송파구,16890,451,7617390,81593490,8159349,89752839,N,세금계산서,ASP발급,청구
T1232,2026-04-30,2026,2026-04,C01,경상북도 안동시,861488,408,351487104,376282104,37628210,413910314,N,세금계산서,ASP발급,청구
T1233,2026-04-30,2026,2026-04,C01,경상북도 안동시,352240,400,140896000,140896000,14089600,154985600,N,세금계산서,ASP발급,청구
T1234,2026-04-30,2026,2026-04,C01,경상북도 안동시,680740,14,9530360,9530360,953036,10483396,N,세금계산서,ASP발급,청구
T1235,2026-04-30,2026,2026-04,C01,경상북도 안동시,25670,395,10139650,10139650,1013965,11153615,N,세금계산서,ASP발급,청구
T1236,2026-05-07,2026,2026-05,C22,충청북도 진천군,300000,395,118500000,118500000,11850000,130350000,N,세금계산서,ASP발급,청구
T1237,2026-05-11,2026,2026-05,C18,대구광역시 달서구,1,20000,20000,295000,29500,324500,N,세금계산서,인터넷발급,청구
T1238,2026-05-11,2026,2026-05,C18,대구광역시 달서구,4,20000,80000,880000,88000,968000,N,세금계산서,인터넷발급,청구
T1239,2026-05-11,2026,2026-05,C18,대구광역시 달서구,2,20000,40000,490000,49000,539000,N,세금계산서,인터넷발급,청구
T1240,2026-05-11,2026,2026-05,C18,대구광역시 달서구,1,20000,20000,295000,29500,324500,N,세금계산서,인터넷발급,청구
T1241,2026-05-11,2026,2026-05,C18,대구광역시 달서구,4,20000,80000,1055000,105500,1160500,N,세금계산서,인터넷발급,청구
T1242,2026-05-14,2026,2026-05,C18,대구광역시 달서구,5,20000,100000,1425000,142500,1567500,N,세금계산서,인터넷발급,청구
T1243,2026-05-14,2026,2026-05,C18,대구광역시 달서구,1,20000,20000,295000,29500,324500,N,세금계산서,인터넷발급,청구
T1244,2026-05-14,2026,2026-05,C28,경상남도 창녕군,44,175000,7700000,7700000,770000,8470000,N,세금계산서,인터넷발급,청구
T1245,2026-05-14,2026,2026-05,C28,경상남도 창녕군,8,20000,160000,4910000,491000,5401000,N,세금계산서,인터넷발급,청구
T1246,2026-05-14,2026,2026-05,C18,대구광역시 달서구,1,20000,20000,295000,29500,324500,N,세금계산서,인터넷발급,청구
T1247,2026-05-15,2026,2026-05,C07,경상남도 창원시,500000,430,215000000,215000000,21500000,236500000,N,세금계산서,인터넷발급,청구
T1248,2026-05-15,2026,2026-05,C28,경상남도 창녕군,6,20000,120000,2120000,212000,2332000,N,세금계산서,인터넷발급,청구
T1249,2026-05-15,2026,2026-05,C28,경상남도 창녕군,-6,20000,-120000,-2120000,-212000,-2332000,Y,수정세금계산서,인터넷발급,청구
T1250,2026-05-15,2026,2026-05,C28,경상남도 창녕군,6,20000,120000,320000,32000,352000,Y,수정세금계산서,인터넷발급,청구
T1251,2026-05-15,2026,2026-05,C28,경상남도 창녕군,-6,20000,-120000,-320000,-32000,-352000,Y,수정세금계산서,인터넷발급,청구
T1252,2026-05-15,2026,2026-05,C28,경상남도 창녕군,6,20000,120000,3295000,329500,3624500,Y,수정세금계산서,인터넷발급,청구
T1253,2026-05-15,2026,2026-05,C18,대구광역시 달서구,13,175000,2275000,2275000,227500,2502500,N,세금계산서,인터넷발급,청구
T1254,2026-05-15,2026,2026-05,C18,대구광역시 달서구,10,175000,1750000,1750000,175000,1925000,N,세금계산서,인터넷발급,청구
T1255,2026-05-19,2026,2026-05,C28,경상남도 창녕군,17,175000,2975000,2975000,297500,3272500,N,세금계산서,인터넷발급,청구
T1256,2026-05-19,2026,2026-05,C28,경상남도 창녕군,14,175000,2450000,2450000,245000,2695000,N,세금계산서,인터넷발급,청구
T1257,2026-05-20,2026,2026-05,C33,경상남도 밀양시,27670,410,11344700,11344700,1134470,12479170,N,세금계산서,ASP발급,청구
T1258,2026-05-21,2026,2026-05,C18,대구광역시 달서구,21,175000,3675000,3675000,367500,4042500,N,세금계산서,인터넷발급,청구
T1259,2026-05-26,2026,2026-05,C18,대구광역시 달서구,1,175000,175000,295000,29500,324500,N,세금계산서,인터넷발급,청구
T1260,2026-05-26,2026,2026-05,C28,경상남도 창녕군,10,20000,200000,6000000,600000,6600000,N,세금계산서,인터넷발급,청구
T1261,2026-05-26,2026,2026-05,C39,경상남도 창원시,,,1000000,1000000,100000,1100000,N,세금계산서,ASP발급,영수
T1262,2026-05-27,2026,2026-05,C18,대구광역시 달서구,1,175000,175000,175000,17500,192500,N,세금계산서,인터넷발급,청구
T1263,2026-05-27,2026,2026-05,C13,서울특별시 강남구,143890,419,60289910,60289910,6028991,66318901,N,세금계산서,ASP발급,청구
T1264,2026-05-28,2026,2026-05,C18,대구광역시 달서구,20,175000,3500000,3500000,350000,3850000,N,세금계산서,인터넷발급,청구
T1265,2026-05-28,2026,2026-05,C28,경상남도 창녕군,40,175000,7000000,7000000,700000,7700000,N,세금계산서,인터넷발급,청구
T1266,2026-05-28,2026,2026-05,C18,대구광역시 달서구,11,175000,1925000,1925000,192500,2117500,N,세금계산서,인터넷발급,청구
T1267,2026-05-28,2026,2026-05,C44,서울 광진구,29340,428,12557520,12557520,1255752,13813272,N,세금계산서,ASP발급,청구
T1268,2026-05-28,2026,2026-05,C24,경기도 안양시,293260,424,124342240,124342240,12434224,136776464,N,세금계산서,ASP발급,청구
T1269,2026-05-29,2026,2026-05,C27,서울특별시 강남구,2562648,19,48690312,49167212,4916721,54083933,N,세금계산서,ASP발급,청구
T1270,2026-05-31,2026,2026-05,C02,경상남도 김해시,782390,432,337992480,337992480,33799248,371791728,N,세금계산서,ASP발급,청구
T1271,2026-05-31,2026,2026-05,C07,경상남도 창원시,83660,379,31707140,31707140,3170714,34877854,N,세금계산서,ASP발급,청구
T1272,2026-05-31,2026,2026-05,C10,서울특별시 강동구,2003461,16,32055376,32055376,3205537,35260913,N,세금계산서,ASP발급,청구
T1273,2026-05-31,2026,2026-05,C18,대구광역시 달서구,87660,355,31119300,31119300,3111930,34231230,N,세금계산서,ASP발급,청구
T1274,2026-05-31,2026,2026-05,C07,경상남도 창원시,133480,13,1735240,2765240,276524,3041764,N,세금계산서,ASP발급,청구
T1275,2026-05-31,2026,2026-05,C39,경상남도 창원시,,,1000000,1000000,100000,1100000,N,세금계산서,ASP발급,영수
T1276,2026-05-31,2026,2026-05,C20,인천광역시 중구,,,18440000,18440000,1844000,20284000,N,세금계산서,ASP발급,청구
T1277,2026-05-31,2026,2026-05,C18,대구광역시 달서구,1863390,9,16770510,17531180,1753118,19284298,N,세금계산서,ASP발급,청구
T1278,2026-05-31,2026,2026-05,C28,경상남도 창녕군,2053020,9,18477180,18477180,1847718,20324898,N,세금계산서,ASP발급,청구
T1279,2026-05-31,2026,2026-05,C18,대구광역시 달서구,-1863390,9,-16770510,-17531180,-1753118,-19284298,Y,수정세금계산서,ASP발급,청구
T1280,2026-05-31,2026,2026-05,C18,대구광역시 달서구,1863390,9,16770510,16770510,1677051,18447561,Y,수정세금계산서,ASP발급,청구
T1281,2026-05-31,2026,2026-05,C08,경기도 용인시,215160,470,101125200,101125200,10112520,111237720,N,세금계산서,ASP발급,청구
T1282,2026-05-31,2026,2026-05,C16,경기도 하남시,50800,486,24688800,24688800,2468880,27157680,N,세금계산서,ASP발급,청구
T1283,2026-05-31,2026,2026-05,C28,경상남도 창녕군,536530,11,5901830,5901830,590183,6492013,N,세금계산서,ASP발급,청구
T1284,2026-05-31,2026,2026-05,C01,경상북도 안동시,1546368,408,630918144,630918144,63091814,694009958,N,세금계산서,ASP발급,청구
T1285,2026-05-31,2026,2026-05,C01,경상북도 안동시,624540,14,8743560,8743560,874356,9617916,N,세금계산서,ASP발급,청구
T1286,2026-05-31,2026,2026-05,C01,경상북도 안동시,52170,440,22954800,22954800,2295480,25250280,N,세금계산서,ASP발급,청구
T1287,2026-05-31,2026,2026-05,C01,경상북도 안동시,-1546368,408,-630918144,-630918144,-63091814,-694009958,Y,수정세금계산서,ASP발급,청구
T1288,2026-05-31,2026,2026-05,C01,경상북도 안동시,1546368,408,630918144,647409344,64740934,712150278,Y,수정세금계산서,ASP발급,청구
T1289,2026-05-31,2026,2026-05,C03,서울특별시 송파구,550000,370,203500000,203500000,20350000,223850000,N,세금계산서,ASP발급,청구
T1290,2026-05-31,2026,2026-05,C03,서울특별시 송파구,1053280,450,473976000,473976000,47397600,521373600,N,세금계산서,ASP발급,청구
T1291,2026-05-31,2026,2026-05,C03,서울특별시 송파구,112750,451,50850250,97443100,9744310,107187410,N,세금계산서,ASP발급,청구
T1292,2026-05-31,2026,2026-05,C12,경기도 용인시,3838917,18,69100506,69100506,6910050,76010556,N,세금계산서,ASP발급,청구
T1293,2026-05-31,2026,2026-05,C12,경기도 용인시,52450,18,944100,1136250,113625,1249875,N,세금계산서,ASP발급,청구
T1294,2026-05-31,2026,2026-05,C12,경기도 용인시,33,20000,660000,660000,66000,726000,N,세금계산서,ASP발급,청구
T1295,2026-05-31,2026,2026-05,C14,전북특별자치도 군산시,217990,420,91555800,91555800,9155580,100711380,N,세금계산서,ASP발급,청구
T1296,2026-05-31,2026,2026-05,C05,경기도 평택시,304600,425,129455000,129455000,12945500,142400500,N,세금계산서,ASP발급,청구
T1297,2026-05-31,2026,2026-05,C04,부산광역시 수영구,,,1000000,1000000,100000,1100000,N,세금계산서,ASP발급,청구
T1298,2026-05-31,2026,2026-05,C39,경상남도 창원시,,,-1000000,-1000000,-100000,-1100000,Y,수정세금계산서,ASP발급,영수
T1299,2026-05-31,2026,2026-05,C04,부산광역시 수영구,1080000,395,426600000,426600000,42660000,469260000,N,세금계산서,ASP발급,청구
T1300,2026-06-01,2026,2026-06,C18,대구광역시 달서구,8,20000,160000,4035000,403500,4438500,N,세금계산서,인터넷발급,청구
T1301,2026-06-01,2026,2026-06,C39,경상남도 창원시,,,1000000,1000000,100000,1100000,Y,수정세금계산서,ASP발급,영수
T1302,2026-06-02,2026,2026-06,C18,대구광역시 달서구,4,20000,80000,880000,88000,968000,N,세금계산서,인터넷발급,청구
T1303,2026-06-02,2026,2026-06,C18,대구광역시 달서구,17,175000,2975000,2975000,297500,3272500,N,세금계산서,인터넷발급,청구
T1304,2026-06-05,2026,2026-06,C28,경상남도 창녕군,31,175000,5425000,5425000,542500,5967500,N,세금계산서,인터넷발급,청구
T1305,2026-06-08,2026,2026-06,C28,경상남도 창녕군,19,175000,3325000,3325000,332500,3657500,N,세금계산서,인터넷발급,청구
T1306,2026-06-10,2026,2026-06,C28,경상남도 창녕군,8,20000,160000,4385000,438500,4823500,N,세금계산서,인터넷발급,청구
T1307,2026-06-10,2026,2026-06,C11,서울특별시 중구,500000,452,226000000,226000000,22600000,248600000,N,세금계산서,ASP발급,청구
T1308,2026-06-15,2026,2026-06,C07,경상남도 창원시,500000,428,214000000,214000000,21400000,235400000,N,세금계산서,인터넷발급,청구
T1309,2026-06-15,2026,2026-06,C09,전북특별자치도 전주시,500000,428,214000000,214000000,21400000,235400000,N,세금계산서,인터넷발급,청구
T1310,2026-06-15,2026,2026-06,C18,대구광역시 달서구,4,20000,80000,1055000,105500,1160500,N,세금계산서,인터넷발급,청구
T1311,2026-06-15,2026,2026-06,C28,경상남도 창녕군,8,20000,160000,5435000,543500,5978500,N,세금계산서,인터넷발급,청구
T1312,2026-06-15,2026,2026-06,C28,경상남도 창녕군,11,175000,1925000,1925000,192500,2117500,N,세금계산서,인터넷발급,청구
T1313,2026-06-15,2026,2026-06,C28,경상남도 창녕군,11,175000,1925000,1925000,192500,2117500,N,세금계산서,인터넷발급,청구
T1314,2026-06-15,2026,2026-06,C28,경상남도 창녕군,-11,175000,-1925000,-1925000,-192500,-2117500,Y,수정세금계산서,인터넷발급,청구
T1315,2026-06-15,2026,2026-06,C28,경상남도 창녕군,-11,175000,-1925000,-1925000,-192500,-2117500,Y,수정세금계산서,인터넷발급,청구
T1316,2026-06-15,2026,2026-06,C18,대구광역시 달서구,11,175000,1925000,1925000,192500,2117500,N,세금계산서,인터넷발급,청구
T1317,2026-06-15,2026,2026-06,C18,대구광역시 달서구,11,175000,1925000,1925000,192500,2117500,N,세금계산서,인터넷발급,청구
T1318,2026-06-16,2026,2026-06,C04,부산광역시 수영구,,,1000000,1000000,100000,1100000,N,세금계산서,ASP발급,청구
T1319,2026-06-18,2026,2026-06,C28,경상남도 창녕군,10,20000,200000,6350000,635000,6985000,N,세금계산서,인터넷발급,청구
T1320,2026-06-18,2026,2026-06,C22,충청북도 진천군,150000,395,59250000,59250000,5925000,65175000,N,세금계산서,ASP발급,청구
T1321,2026-06-22,2026,2026-06,C28,경상남도 창녕군,4,20000,80000,1055000,105500,1160500,N,세금계산서,인터넷발급,청구
T1322,2026-06-23,2026,2026-06,C06,충청남도 천안시,56600,425,24055000,247222140,24722214,271944354,N,세금계산서,ASP발급,청구
T1323,2026-06-29,2026,2026-06,C18,대구광역시 달서구,1,20000,20000,295000,29500,324500,N,세금계산서,인터넷발급,청구
T1324,2026-06-29,2026,2026-06,C03,서울특별시 송파구,700000,429,300300000,300300000,30030000,330330000,N,세금계산서,ASP발급,청구
T1325,2026-06-29,2026,2026-06,C03,서울특별시 송파구,35350,451,15942850,26635150,2663515,29298665,N,세금계산서,ASP발급,청구
T1326,2026-06-29,2026,2026-06,C54,서울특별시 송파구,148910,433,64478030,64478030,6447803,70925833,N,세금계산서,ASP발급,청구
T1327,2026-06-29,2026,2026-06,C27,서울특별시 강남구,4328096,19,82233824,68193824,6819382,75013206,N,세금계산서,ASP발급,청구
T1328,2026-06-29,2026,2026-06,C54,서울특별시 송파구,-148910,433,-64478030,-64478030,-6447803,-70925833,Y,수정세금계산서,ASP발급,청구
T1329,2026-06-29,2026,2026-06,C13,서울특별시 강남구,148910,433,64478030,64478030,6447803,70925833,Y,수정세금계산서,ASP발급,청구
T1330,2026-06-30,2026,2026-06,C10,서울특별시 강동구,4401731,16,70427696,70427696,7042769,77470465,N,세금계산서,ASP발급,청구
T1331,2026-06-30,2026,2026-06,C24,경기도 안양시,297880,438,130471440,130471440,13047144,143518584,N,세금계산서,ASP발급,청구
T1332,2026-06-30,2026,2026-06,C18,대구광역시 달서구,30430,355,10802650,10802650,1080265,11882915,N,세금계산서,ASP발급,청구
T1333,2026-06-30,2026,2026-06,C07,경상남도 창원시,114260,379,43304540,43304540,4330454,47634994,N,세금계산서,ASP발급,청구
T1334,2026-06-30,2026,2026-06,C02,경상남도 김해시,997330,432,430846560,430846560,43084656,473931216,N,세금계산서,ASP발급,청구
T1335,2026-06-30,2026,2026-06,C05,경기도 평택시,86370,425,36707250,128650530,12865053,141515583,N,세금계산서,ASP발급,청구
T1336,2026-06-30,2026,2026-06,C20,인천광역시 중구,,,26860000,26860000,2686000,29546000,N,세금계산서,ASP발급,청구
T1337,2026-06-30,2026,2026-06,C16,경기도 하남시,26510,486,12883860,12883860,1288386,14172246,N,세금계산서,ASP발급,청구
T1338,2026-06-30,2026,2026-06,C18,대구광역시 달서구,1165080,9,10485720,10485720,1048572,11534292,N,세금계산서,ASP발급,청구
T1339,2026-06-30,2026,2026-06,C28,경상남도 창녕군,1522320,9,13700880,13700880,1370088,15070968,N,세금계산서,ASP발급,청구
T1340,2026-06-30,2026,2026-06,C08,경기도 용인시,84180,470,39564600,39564600,3956460,43521060,N,세금계산서,ASP발급,청구
T1341,2026-06-30,2026,2026-06,C08,경기도 용인시,,,11072542,11072542,1107253,12179795,N,세금계산서,ASP발급,청구
T1342,2026-06-30,2026,2026-06,C14,전북특별자치도 군산시,170890,420,71773800,71773800,7177380,78951180,N,세금계산서,ASP발급,청구
T1343,2026-06-30,2026,2026-06,C08,경기도 용인시,,,-11072542,-11072542,-1107253,-12179795,Y,수정세금계산서,ASP발급,청구
T1344,2026-06-30,2026,2026-06,C08,경기도 용인시,,,11067762,11067762,1106775,12174537,Y,수정세금계산서,ASP발급,청구
T1345,2026-06-30,2026,2026-06,C01,경상북도 안동시,1555945,435,676836075,676836075,67683607,744519682,N,세금계산서,ASP발급,청구
T1346,2026-06-30,2026,2026-06,C01,경상북도 안동시,721590,14,10102260,10102260,1010226,11112486,N,세금계산서,ASP발급,청구
T1347,2026-06-30,2026,2026-06,C01,경상북도 안동시,26320,440,11580800,11580800,1158080,12738880,N,세금계산서,ASP발급,청구
T1348,2026-06-30,2026,2026-06,C12,경기도 용인시,211121,18,3800178,3800178,380017,4180195,N,세금계산서,ASP발급,청구
T1349,2026-06-30,2026,2026-06,C12,경기도 용인시,6,20000,120000,120000,12000,132000,N,세금계산서,ASP발급,청구
T1350,2026-06-30,2026,2026-06,C12,경기도 용인시,25020,18,450360,450360,45036,495396,N,세금계산서,ASP발급,청구
T1351,2026-06-30,2026,2026-06,C04,부산광역시 수영구,1000000,390,390000000,390000000,39000000,429000000,N,세금계산서,ASP발급,청구
